"","drug_name","AA_indication","url","AA_date","TA_date","type"
"1","Jayprica (pirtobrutinib)","Adult patients with chronic lymphocytic leukemia or small lymphocytic lymphoma (CLL/SLL) who have received at least two prior lines of therapy, including a BTK inhibitor and a BCL-2 inhibitor","https://www.fda.gov/drugs/resources-information-approved-drugs/fda-grants-accelerated-approval-pirtobrutinib-chronic-lymphocytic-leukemia-and-small-lymphocytic","12/1/2023","12/3/2025","AA_VerifiedBenefit"
"2","Darzalex Faspro (daratumumab and hyaluronidase-fihj)","Treatment of patients with light chain (AL) amyloidosis in combination with bortezomib, cyclophosphamide and dexamethasone in newly diagnosed patients","https://www.fda.gov/drugs/resources-information-approved-drugs/fda-grants-accelerated-approval-darzalex-faspro-newly-diagnosed-light-chain-amyloidosis","1/15/2021","11/19/2025","AA_VerifiedBenefit"
"3","Imdelltra (tarlatamab-dlle)","Adult patients with extensive stage small cell lung cancer (ES-SCLC) with disease progression on or after platinum-based chemotherapy","https://www.fda.gov/drugs/resources-information-approved-drugs/fda-grants-accelerated-approval-tarlatamab-dlle-extensive-stage-small-cell-lung-cancer","5/16/2024","11/19/2025","AA_VerifiedBenefit"
"4","Epkinly (epcoritamab-bysp)","Treatment of adult patients with relapsed or refractory follicular lymphoma (FL) after two or more lines of systemic therapy","https://www.fda.gov/drugs/resources-information-approved-drugs/fda-grants-accelerated-approval-epcoritamab-bysp-relapsed-or-refractory-follicular-lymphoma","6/24/2024","11/18/2025","AA_VerifiedBenefit"
"5","Yervoy (ipilimumab)","In combination with nivolumab, for the treatment of patients with hepatocellular carcinoma (HCC) who have been previously treated with sorafenib","https://www.fda.gov/drugs/resources-information-approved-drugs/fda-grants-accelerated-approval-nivolumab-and-ipilimumab-combination-hepatocellular-carcinoma","3/10/2020","4/11/2025","AA_VerifiedBenefit"
"6","Opdivo (nivolumab)","In combination with ipilimumab, for the treatment of patients with hepatocellular carcinoma (HCC) who have been previously treated with sorafenib","https://www.fda.gov/drugs/resources-information-approved-drugs/fda-grants-accelerated-approval-nivolumab-and-ipilimumab-combination-hepatocellular-carcinoma","3/10/2020","4/11/2025","AA_VerifiedBenefit"
"7","Vitrakvi (larotrectinib)","Treatment of adult and pediatric patients with solid tumors that have a neurotrophic receptor tyrosine kinase (NTRK) gene fusion without a known acquired resistance mutation; are metastatic or where surgical resection is likely to result in severe morbidity; and have no satisfactory alternative treatments or that have progressed following treatment","https://www.fda.gov/drugs/fda-approves-larotrectinib-solid-tumors-ntrk-gene-fusions-0","11/26/2018","4/09/2025","AA_VerifiedBenefit"
"8","Opdivo (nivolumab)","For the treatment of adult and pediatric patients 12 years and older with microsatellite instability-high (MSI-H) or mismatch repair deficient (dMMR) metastatic colorectal cancer (CRC) that has progressed following treatment with a fluoropyrimidine, oxaliplatin, and irinotecan","https://www.fda.gov/drugs/resources-information-approved-drugs/fda-grants-nivolumab-accelerated-approval-msi-h-or-dmmr-colorectal-cancer","7/31/2017","4/08/2025","AA_VerifiedBenefit"
"9","Opdivo (nivolumab)","In combination with ipilimumab, is indicated for the treatment of adults and pediatric patients 12 years and older with microsatellite instability-high (MSI-H) or DNA mismatch repair deficient (dMMR), metastatic colorectal cancer that has progressed following treatment with a fluoropyrimidine, oxaliplatin, and irinotecan","https://www.fda.gov/drugs/resources-information-approved-drugs/fda-grants-accelerated-approval-ipilimumab-msi-h-or-dmmr-metastatic-colorectal-cancer","7/10/2018","4/08/2025","AA_VerifiedBenefit"
"10","Yervoy (ipilimumab)","In combination with nivolumab, is indicated for the treatment of adults and pediatric patients 12 years and older with microsatellite instability-high (MSI-H) or DNA mismatch repair deficient (dMMR), metastatic colorectal cancer that has progressed following treatment with a fluoropyrimidine, oxaliplatin, and irinotecan","https://www.fda.gov/drugs/resources-information-approved-drugs/fda-grants-accelerated-approval-ipilimumab-msi-h-or-dmmr-metastatic-colorectal-cancer","7/10/2018","4/08/2025","AA_VerifiedBenefit"
"11","Keytruda (pembrolizumab)","In combination with trastuzumab and fluoropyrimidine- and platinum-containing chemotherapy, for the first-line treatment of patients with locally advanced unresectable or metastatic HER2 positive gastric or gastroesophageal junction (GEJ) adenocarcinoma 1 ","https://www.fda.gov/drugs/resources-information-approved-drugs/fda-grants-accelerated-approval-pembrolizumab-her2-positive-gastric-cancer","5/5/2021","3/19/2025","AA_VerifiedBenefit"
"12","Calquence (acalabrutinib)","Treatment of adult patients with mantle cell lymphoma (MCL) who have received at least one prior therapy","https://www.fda.gov/drugs/resources-information-approved-drugs/fda-grants-accelerated-approval-acalabrutinib-mantle-cell-lymphoma","10/31/2017","1/16/2025","AA_VerifiedBenefit"
"13","Retevmo (selpercatinib)","Adult and pediatric patients 12 years of age and older with advanced or metastatic RET-mutant medullary thyroid cancer (MTC) who require systemic therapy *","https://www.fda.gov/drugs/resources-information-approved-drugs/fda-approves-selpercatinib-lung-and-thyroid-cancers-ret-gene-mutations-or-fusions","5/8/2020","9/27/2024","AA_VerifiedBenefit"
"14","Retevmo (selpercatinib)","Adult and pediatric patients 12 years of age and older with advanced or metastatic RET fusion-positive thyroid cancer who require systemic therapy and who are radioactive iodine-refractory (if radioactive iodine is appropriate) *","https://www.fda.gov/drugs/resources-information-approved-drugs/fda-approves-selpercatinib-lung-and-thyroid-cancers-ret-gene-mutations-or-fusions","5/8/2020","6/12/2024","AA_VerifiedBenefit"
"15","Tivdak (tisotumab vedotin-tftv)","Treatment of adult patients with recurrent or metastatic cervical cancer with disease progression on or after chemotherapy","https://www.fda.gov/drugs/resources-information-approved-drugs/fda-grants-accelerated-approval-tisotumab-vedotin-tftv-recurrent-or-metastatic-cervical-cancer","9/20/2021","4/29/2024","AA_VerifiedBenefit"
"16","Elahere (mirvetuximab soravtansine-gynx)","Adult patients with folate receptor-alpha (FRα) positive, platinum-resistant epithelial ovarian, fallopian tube, or primary peritoneal cancer, who have received one to three prior systemic treatment regimens. Select patients for therapy based on an FDA-approved test","https://www.fda.gov/drugs/resources-information-approved-drugs/fda-grants-accelerated-approval-mirvetuximab-soravtansine-gynx-fra-positive-platinum-resistant","11/14/2022","3/22/2024","AA_VerifiedBenefit"
"17","Rybrevant (amivantamab-vmjw)","Treatment of adult patients with locally advanced or metastatic non small cell lung cancer (NSCLC) with epidermal growth factor receptor (EGFR) exon 20 insertion mutations, as detected by an FDA approved test, whose disease has progressed on or after platinum based chemotherapy","https://www.fda.gov/drugs/resources-information-approved-drugs/fda-grants-accelerated-approval-amivantamab-vmjw-metastatic-non-small-cell-lung-cancer","5/21/2021","3/1/2024","AA_VerifiedBenefit"
"18","Tepmetko (tepotinib)","Treatment of adult patients with metastatic non-small cell lung cancer (NSCLC) harboring mesenchymal-epithelial transition (MET) exon 14 skipping alterations.","https://www.fda.gov/drugs/resources-information-approved-drugs/fda-grants-accelerated-approval-tepotinib-metastatic-non-small-cell-lung-cancer","2/3/2021","2/15/2024","AA_VerifiedBenefit"
"19","Keytruda (pembrolizumab)","Treatment of patients with hepatocellular carcinoma (HCC) who have been previously treated with sorafenib","https://www.fda.gov/drugs/fda-grants-accelerated-approval-pembrolizumab-hepatocellular-carcinoma","11/9/2018","1/25/2024","AA_VerifiedBenefit"
"20","Balversa (erdafitinib)","Treatment of adult patients with locally advanced or metastatic urothelial carcinoma (mUC), that has:

susceptible FGFR3 or FGFR2 genetic alterations, and
progressed during or following at least one line of prior platinum-containing chemotherapy, including within 12 months of neoadjuvant or adjuvant platinum-containing chemotherapy. Select patients for therapy based on an FDA-approved companion diagnostic for BALVERSA.","https://www.fda.gov/drugs/resources-information-approved-drugs/fda-grants-accelerated-approval-erdafitinib-metastatic-urothelial-carcinoma","4/12/2019","1/19/2024","AA_VerifiedBenefit"
"21","Padcev (enfortumab vedotin-efjv)","In combination with pembrolizumab for the treatment of adult patients with locally advanced or metastatic urothelial cancer who are not eligible for cisplatin-containing chemotherapy","https://www.fda.gov/drugs/resources-information-approved-drugs/fda-grants-accelerated-approval-enfortumab-vedotin-ejfv-pembrolizumab-locally-advanced-or-metastatic","4/3/2023","12/15/2023","AA_VerifiedBenefit"
"22","Keytruda (pembrolizumab)","In combination with enfortumab vedotin-ejfv for the treatment of adult patients with locally advanced or metastatic urothelial cancer who are not eligible for cisplatin-containing chemotherapy","https://www.fda.gov/drugs/resources-information-approved-drugs/fda-grants-accelerated-approval-enfortumab-vedotin-ejfv-pembrolizumab-locally-advanced-or-metastatic","4/3/2023","12/15/2023","AA_VerifiedBenefit"
"23","Keytruda (pembrolizumab) ","Treatment of adults and pediatric patients with recurrent locally advanced or metastatic Merkel cell carcinoma (MCC)","https://www.fda.gov/drugs/fda-approves-pembrolizumab-merkel-cell-carcinoma","12/19/2018","10/12/2023","AA_VerifiedBenefit"
"24","Bavencio (avelumab)","Treatment of adults and pediatrics patients 12 years and older with metastatic merkel cell carcinoma (MCC)","https://www.fda.gov/node/372827","3/23/2017","9/6/2023","AA_VerifiedBenefit"
"25","Gavreto (pralsetinib)","Treatment of adult patients with metastatic RET fusion-positive non-small cell lung cancer (NSCLC) as detected by an FDA approved test","https://www.fda.gov/drugs/resources-information-approved-drugs/fda-approves-pralsetinib-lung-cancer-ret-gene-fusions","9/4/2020","8/9/2023","AA_VerifiedBenefit"
"26","Blincyto (blinatumomab)","Treatment of CD19-positive B-cell precursor acute lymphoblastic leukemia (ALL) in first or second complete remission with minimal residual disease (MRD) greater than or equal to 0.1% in adults and children 1","https://www.fda.gov/drugs/resources-information-approved-drugs/fda-granted-accelerated-approval-blinatumomab-blincyto-amgen-inc-treatment-adult-and-pediatric","3/29/2018","6/20/2023","AA_VerifiedBenefit"
"27","Libtayo (cemiplimab-rwlc)","Patients with metastatic basal cell carcinoma (mBCC) previously treated with a hedgehog pathway inhibitor or for whom a hedgehog pathway inhibitor is not appropriate","https://www.fda.gov/drugs/resources-information-approved-drugs/fda-approves-cemiplimab-rwlc-locally-advanced-and-metastatic-basal-cell-carcinoma","2/9/2021","4/28/2023","AA_VerifiedBenefit"
"28","Polivy (polatuzumab vedotin- piiq)","In combination with bendamustine and a rituximab product for adult patients with relapsed or refractory diffuse large B-cell lymphoma (DLBCL), not otherwise specified, after at least two prior therapies.","https://www.fda.gov/drugs/resources-information-approved-drugs/fda-approves-polatuzumab-vedotin-piiq-diffuse-large-b-cell-lymphoma","6/10/2019","4/19/2023","AA_VerifiedBenefit"
"29","Keytruda (pembrolizumab)","Treatment of adult and pediatric patients with unresectable or metastatic, microsatellite instability-high (MSI-H) or mismatch repair deficient (dMMR) solid tumors that have progressed following prior treatment and who have no satisfactory alternative treatment options, or metastatic MSI-H or dMMR colorectal cancer that have progressed following treatment with a fluoropyrimidine, oxaliplatin and irinotecan","https://www.fda.gov/drugs/resources-information-approved-drugs/fda-grants-accelerated-approval-pembrolizumab-first-tissuesite-agnostic-indication","5/23/2017","3/28/2023","AA_VerifiedBenefit"
"30","Jemperli (dostarlimab-gxly) ","Adult patients with mismatch repair deficient (dMMR) recurrent or advanced endometrial cancer (EC), as determined by an FDA-approved test, that has progressed on or following prior treatment with a platinum-containing regimen.","https://www.fda.gov/drugs/resources-information-approved-drugs/fda-grants-accelerated-approval-dostarlimab-gxly-dmmr-endometrial-cancer","4/22/2021","2/9/2023","AA_VerifiedBenefit"
"31","Scemblix (asciminib)","Adult patients with Philadelphia chromosome-positive chronic myeloid leukemia (Ph+ CML) in chronic phase (CP), previously treated with 2 or more tyrosine kinase inhibitors (TKIs)","https://www.fda.gov/drugs/resources-information-approved-drugs/fda-approves-asciminib-philadelphia-chromosome-positive-chronic-myeloid-leukemia","10/29/2021","10/12/2022","AA_VerifiedBenefit"
"32","Retevmo (selpercatinib)","Adult patients with metastatic RET fusion-positive Non-Small Cell Lung Cancer (NSCLC) 
 ","https://www.fda.gov/drugs/resources-information-approved-drugs/fda-approves-selpercatinib-lung-and-thyroid-cancers-ret-gene-mutations-or-fusions","5/8/2020","09/21/2022","AA_VerifiedBenefit"
"33","Tabrecta (capmatinib) ","Adult patients with mNSCLC whose tumors have a mutation that leads to MET exon 14 skipping as detected by an FDA-approved test","https://www.fda.gov/drugs/resources-information-approved-drugs/fda-grants-accelerated-approval-capmatinib-metastatic-non-small-cell-lung-cancer","5/6/2020","8/10/2022","AA_VerifiedBenefit"
"34","Clolar (clofarabine)","Treatment of pediatric patients 1 to 21 yrs old with relapsed or refractory acute lymphocytic leukemia (ALL) after at least 2 prior regimens",NA,"12/28/2004","7/18/2022","AA_VerifiedBenefit"
"35","Enhertu (Fam-trastuzumab deruxtecan-nxki)","Adult patients with unresectable or metastatic HER2-positive breast cancer who have received two or more prior anti-HER2-based regimens in the metastatic setting ","https://www.fda.gov/drugs/resources-information-approved-drugs/fda-approves-fam-trastuzumab-deruxtecan-nxki-unresectable-or-metastatic-her2-positive-breast-cancer","12/20/2019","5/4/2022","AA_VerifiedBenefit"
"36","Keytruda (pembrolizumab)","In combination with chemotherapy for locally recurrent unresectable or metastatic TNBC expressing PD L1 [CPS =10] as determined by an FDA-approved test","https://www.fda.gov/drugs/resources-information-approved-drugs/fda-grants-accelerated-approval-pembrolizumab-locally-recurrent-unresectable-or-metastatic-triple","11/13/2020","7/26/2021","AA_VerifiedBenefit"
"37","Trodelvy (sacituzumab govitecan-hziy)","Adults with metastatic TNBC following at least 2 prior therapies for metastatic disease","https://www.fda.gov/drugs/resources-information-approved-drugs/fda-grants-accelerated-approval-sacituzumab-govitecan-hziy-metastatic-triple-negative-breast-cancer","4/22/2020","4/7/2021","AA_VerifiedBenefit"
"38","Padcev (enfortumab vedotin-ejfv)","Adults with locally advanced or metastatic urothelial cancer who received a PD-1 or PD-L1 inhibitor and a platinum-containing chemotherapy in the neoadjuvant, locally advanced, or metastatic setting","https://www.fda.gov/drugs/resources-information-approved-drugs/fda-grants-accelerated-approval-enfortumab-vedotin-ejfv-metastatic-urothelial-cancer","12/18/2019","7/9/2021","AA_VerifiedBenefit"
"39","Keytruda (pembrolizumab)","In combination with lenvatinib for advanced endometrial carcinoma not MSI-H or dMMR, with progression following systemic therapy and not candidates for curative surgery or radiation","https://www.fda.gov/drugs/resources-information-approved-drugs/simultaneous-review-decisions-pembrolizumab-plus-lenvatinib-australia-canada-and-us","9/17/2019","7/21/2021","AA_VerifiedBenefit"
"40","Lenvima (lenvatinib)","In combination with pembrolizumab for advanced endometrial carcinoma not MSI-H or dMMR, with progression following systemic therapy and not candidates for curative surgery or radiation","https://www.fda.gov/drugs/resources-information-approved-drugs/simultaneous-review-decisions-pembrolizumab-plus-lenvatinib-australia-canada-and-us","9/17/2019","7/21/2021","AA_VerifiedBenefit"
"41","Xpovio (selinexor)","In combination with dexamethasone for adults with relapsed/refractory multiple myeloma after at least 4 prior therapies and refractory to at least 2 proteasome inhibitors, 2 immunomodulatory agents, and an anti-CD38 monoclonal antibody","https://www.fda.gov/drugs/resources-information-approved-drugs/fda-grants-accelerated-approval-selinexor-multiple-myeloma","7/3/2019","12/18/2020","AA_VerifiedBenefit"
"42","Venclexta (venetoclax)","In combination with azacitidine or decitabine or low-dose cytarabine for newly-diagnosed AML in adults 75 years or older, or who have comorbidities that preclude use of intensive induction chemotherapy","https://www.fda.gov/drugs/fda-approves-venetoclax-combination-aml-adults","11/21/2018","10/16/2020","AA_VerifiedBenefit"
"43","Lorbrena (lorlatinib)","ALK-positive metastatic NSCLC that has progressed on:
• Crizotinib and at least one other ALK inhibitor for metastatic disease; or
• Alectinib as the first ALK inhibitor therapy for metastatic disease; or
• Ceritinib as the first ALK inhibitor therapy for metastatic disease","https://www.fda.gov/drugs/fda-approves-lorlatinib-second-or-third-line-treatment-alk-positive-metastatic-nsclc","11/2/2018","3/3/2021","AA_VerifiedBenefit"
"44","Keytruda (pembrolizumab)","Adult and pediatric patients with refractory primary mediastinal large B-cell lymphoma, or who have relapsed after 2 or more prior lines of therapy","https://www.fda.gov/drugs/resources-information-approved-drugs/fda-approves-pembrolizumab-treatment-relapsed-or-refractory-pmbcl","6/13/2018","10/14/2020","AA_VerifiedBenefit"
"45","Keytruda (pembrolizumab)","Treatment of patients with recurrent or metastatic cervical cancer with disease progression on or after chemotherapy whose tumors express PD-L1 (CPS >/=1) as determined by an FDA approved test","https://www.fda.gov/drugs/resources-information-approved-drugs/fda-approves-pembrolizumab-advanced-cervical-cancer-disease-progression-during-or-after-chemotherapy","6/12/2018","10/13/2021","AA_VerifiedBenefit"
"46","Alimta (pemetrexed disodium)","In combination with pembrolizumab and carboplatin for first-line treatment of metastatic non-squamous NSCLC","https://www.fda.gov/drugs/resources-information-approved-drugs/fda-grants-accelerated-approval-bosutinib-treatment-newly-diagnosed-ph-cml","6/4/2018","1/30/2019","AA_VerifiedBenefit"
"47","Bosulif (bosutinib)","Adults with newly diagnosed chronic phase Philadelphia chromosome positive CML","https://www.fda.gov/drugs/resources-information-approved-drugs/fda-grants-accelerated-approval-bosutinib-treatment-newly-diagnosed-ph-cml","12/19/2017","5/14/2021","AA_VerifiedBenefit"
"48","Keytruda (pembrolizumab)","Locally advanced or metastatic urothelial carcinoma ineligible for cisplatin-containing chemotherapy 1","https://www.fda.gov/drugs/resources-information-approved-drugs/pembrolizumab-keytruda-advanced-or-metastatic-urothelial-carcinoma","5/18/2017","8/31/2021","AA_VerifiedBenefit"
"49","Keytruda (pembrolizumab)","In combination with pemetrexed and carboplatin for first-line treatment of metastatic non-squamous NSCLC","https://www.fda.gov/drugs/resources-information-approved-drugs/pembrolizumab-keytruda-5-10-2017","5/10/2017","8/20/2018","AA_VerifiedBenefit"
"50","Bavencio (avelumab)","Locally advanced or metastatic urothelial carcinoma following diease progression on platinum-containing chemotherapy or disease progression within 12 months of neoadjuvant or adjuvant treatment with platinum-containing chemotherapy","https://www.fda.gov/drugs/resources-information-approved-drugs/fda-grants-accelerated-approval-avelumab-urothelial-carcinoma","5/9/2017","6/30/2020","AA_VerifiedBenefit"
"51","Alunbrig (brigatinib)","Patients with ALK-positive metastatic NSCLC that have progressed or are intolerant to crizotinib",NA,"4/28/2017","5/22/2020","AA_VerifiedBenefit"
"52","Keytruda (pembrolizumab)","Adult and pediatric patients with refractory classical Hodgkin Lymphoma or who have relapsed after 3 or more prior lines of therapy",NA,"3/14/2017","10/14/2020","AA_VerifiedBenefit"
"53","Opdivo (nivolumab)","Locally advanced or metastatic urothelial carcinoma that: • progressed during or following platinum-containing chemotherapy • progressed within 12 months of neoadjuvant or adjuvant platinum-containing chemotherapy",NA,"2/2/2017","8/19/2021","AA_VerifiedBenefit"
"54","Rubraca (rucaparib)","Deleterious BRCA mutation (germline and/or somatic) associated advanced ovarian cancer treated with 2 or more chemotherapies 2","https://www.fda.gov/drugs/resources-information-approved-drugs/rucaparib","12/19/2016","4/6/2018","AA_VerifiedBenefit"
"55","Keytruda (pembrolizumab)","Recurrent or metastatic head and neck squamous cell carcinoma that progressed on or after platinum-containing chemotherapy","https://www.fda.gov/drugs/resources-information-approved-drugs/pembrolizumab-keytruda","8/5/2016","6/10/2019","AA_VerifiedBenefit"
"56","Venclexta (venetoclax)","Chronic lymphocytic leukemia with 17P deletion as detected by an FDA-approved test, after at least one prior therapy","https://www.fda.gov/drugs/resources-information-approved-drugs/venetoclax-venclexta-tablets","4/11/2016","6/8/2018","AA_VerifiedBenefit"
"57","Opdivo (nivolumab)","1) In combination with ipilimumab for unresectable or metastatic melanoma to remove the restriction for treatment of only patients with BRAF wild-type melanoma; 2) As a single agent for BRAF V600 mutation positive unresectable or metastatic melanoma to remove the restriction that such patients should have disease progression following ipilimumab and a BRAF inhibitor",NA,"1/23/2016","3/7/2019","AA_VerifiedBenefit"
"58","Alecensa (alectinib)","ALK-positive metastatic NSCLC that progressed on or is intolerant to crizotinib",NA,"12/11/2015","11/6/2017","AA_VerifiedBenefit"
"59","Darzalex (daratumumab)","Multiple myeloma after at least 3 prior lines of therapy including a proteasome inhibitor and an immunomodulatory agent or double refractory to a proteasome inhibitor and an immunomodulatory agent",NA,"11/16/2015","11/21/2016","AA_VerifiedBenefit"
"60","Tagrisso (osimertinib)","Metastatic EGFR T790M mutation-positive NSCLC, as detected by an FDA-approved test, that progressed on or after EGFR TKI therapy",NA,"11/13/2015","3/30/2017","AA_VerifiedBenefit"
"61","Keytruda (pembrolizumab)","Metastatic PD-L1 positive NSCLC, as determined by an FDA-approved test, with progression on or after platinum-containing chemotherapy",NA,"10/2/2015","10/24/2016","AA_VerifiedBenefit"
"62","Opdivo (nivolumab)","In combination with ipilimumab for BRAF V600 wild-type unresectable or metastatic melanoma",NA,"9/30/2015","3/7/2019","AA_VerifiedBenefit"
"63","Ibrance (palbociclib)","In combination with letrozole for postmenopausal women with ER-positive, HER2-negative advanced breast cancer as initial endocrine-based therapy for metastatic disease",NA,"2/3/2015","3/31/2017","AA_VerifiedBenefit"
"64","Opdivo (nivolumab)","Unresectable or metastatic melanoma and progression following ipilimumab and, if BRAF V600 mutation positive, a BRAF inhibitor",NA,"12/22/2014","3/7/2019","AA_VerifiedBenefit"
"65","Lynparza (olaparib)","Deleterious or suspected deleterious germline BRCA-mutated advanced ovarian cancer after treatment with 3 or more lines of chemotherapy 2",NA,"12/19/2014","8/17/2017","AA_VerifiedBenefit"
"66","Blincyto (blinatumomab)","Philadelphia chromosome negative relapsed or refractory B-cell precursor acute lymphoblastic leukemia",NA,"12/3/2014","7/11/2017","AA_VerifiedBenefit"
"67","Keytruda (pembrolizumab)","Unresectable or metastatic melanoma and disease progression following ipilimumab and, if BRAF V600 mutation positive, a BRAF inhibitor",NA,"9/4/2014","12/18/2015","AA_VerifiedBenefit"
"68","Zykadia (ceritinib)","ALK-positive metastatic NSCLC that progressed on or is intolerant to crizotinib",NA,"4/29/2014","5/26/2017","AA_VerifiedBenefit"
"69","Imbruvica (ibrutinib)","Chronic lymphocytic leukemia after at least one prior therapy",NA,"2/12/2014","7/28/2014","AA_VerifiedBenefit"
"70","Tafinlar (dabrafenib)","In combination with trametinib for unresectable or metastatic melanoma with BRAF V600E or V600K mutations, as detected by an FDA-approved test",NA,"1/9/2014","11/20/2015","AA_VerifiedBenefit"
"71","Mekinist (trametinib)","In combination with dabrafenib for unresectable or metastatic melanoma with BRAF V600E or V600K mutations, as detected by an FDA-approved test",NA,"1/8/2014","11/20/2015","AA_VerifiedBenefit"
"72","Perjeta (pertuzumab)","In combination with trastuzumab and docetaxel for neoadjuvant treatment of HER2-positive locally advanced inflammatory or early-stage breast cancer (either greater than 2 cm in diameter or node-positive) as part of a complete treatment regimen for early early breast cancer",NA,"9/30/2013","12/20/2017","AA_VerifiedBenefit"
"73","Pomalyst (pomalidomide)","Multiple myeloma after at least 2 prior therapies including lenalidomide and bortezomib and disease progression on or within 60 days of completion of the last therapy",NA,"2/8/2013","4/23/2015","AA_VerifiedBenefit"
"74","Iclusig (ponatinib)","Adults with chronic phase, accelerated phase, or blast phase chronic myeloid leukemia resistant or intolerant to TKI therapy or or Philadelphia chromosome positive acute lymphoblastic leukemia resistant or intolerant to prior TKI therapy",NA,"12/14/2012","11/28/2016","AA_VerifiedBenefit"
"75","Synribo (omacetaxine mepesuccinate)","Adults with chronic or accelerated phase chronic myeloid leukemia with resistance or intolerance to 2 or more TKIs",NA,"10/26/2012","2/10/2014","AA_VerifiedBenefit"
"76","Kyprolis (carfilzomib)","Multiple myeloma after at least 2 prior therapies including bortezomib and an immunomodulatory agent and disease progression on or within 60 days of completion of the last therapy",NA,"7/20/2012","1/21/2016","AA_VerifiedBenefit"
"77","Afinitor (everolimus)","Adults with renal angiomyolipma and tuberous sclerosis complex not requiring immediate surgery",NA,"4/26/2012","2/18/2016","AA_VerifiedBenefit"
"78","Xalkori (crizotinib)","Locally advanced or metastatic NSCLC that is ALK-positive as detected by an FDA-approved test",NA,"8/26/2011","11/20/2013","AA_VerifiedBenefit"
"79","Adcetris (brentuximab vedotin)","Hodgkin lymphoma after failure of autologous stem cell transplant (ASCT), or after failure of at least 2 multi-agent chemotherapy regimens in patients who are not ASCT candidates",NA,"8/19/2011","8/17/2015","AA_VerifiedBenefit"
"80","Adcetris (brentuximab vedotin)","Systemic anaplastic large cell lymphoma after failure of at least one multi-agent chemotherapy regimen",NA,"8/19/2011","3/20/2018","AA_VerifiedBenefit"
"81","Afinitor (everolimus)","Patients with subependymal giant cell astrocytoma associated with tuberous sclerosis who require therapeutic intervention but are not candidates for curative surgical resection",NA,"10/29/2010","1/29/2016","AA_VerifiedBenefit"
"82","Sprycel (dasatinib)","Newly diagnosed adults with Philadelphia chromosome-positive CML in chronic phase",NA,"10/28/2010","8/12/2015","AA_VerifiedBenefit"
"83","Tasigna (nilotinib)","Newly diagnosed adults with with Philadelphia chromosome-positive CML in chronic phase",NA,"6/17/2010","1/27/2015","AA_VerifiedBenefit"
"84","Tykerb (lapatinib)","In combination with letrozole for post-menopausal women with HR-positive metastatic breast cancer that overexpresses the HER2 receptor for whom hormonal therapy is indicated",NA,"1/29/2010","12/6/2018","AA_VerifiedBenefit"
"85","Arzerra (ofatumumab)","Chronic lymphocytic leukemia refractory to fludarabine and alemtuzumab",NA,"10/26/2009","4/17/2014","AA_VerifiedBenefit"
"86","Avastin (bevacizumab)","Progressive glioblastoma following prior therapy",NA,"5/5/2009","12/5/2017","AA_VerifiedBenefit"
"87","Gleevec (imatinib mesylate)","Adjuvant treatment of adults following complete gross resection of KIT (CD117) positive gastrointestinal stromal tumors (GIST)",NA,"12/19/2008","1/31/2012","AA_VerifiedBenefit"
"88","Alimta (pemetrexed disodium)","Non-squamous NSCLC: 1) as initial treatment with cisplatin; 2) as a single agent after prior chemotherapy",NA,"9/26/2008","7/2/2009","AA_VerifiedBenefit"
"89","Tasigna (nilotinib)","Chronic phase and accelerated phase Philadelphia chromosome positive CML in adults resistant or intolerant to prior therapy that included Gleevec (imatinib)",NA,"10/29/2007","1/14/2011","AA_VerifiedBenefit"
"90","Gleevec (imatinib mesylate)","Newly diagnosed Philadelphia positive CML in pediatric patients",NA,"9/27/2006","4/1/2011","AA_VerifiedBenefit"
"91","Vectibix (panitumumab)","EGFR-expressing metastatic colorectal carcinoma with progression on or following fluoropyrimidine-, oxaliplatin-, and irinotecan-containing chemotherapy regimens",NA,"9/27/2006","5/23/2014","AA_VerifiedBenefit"
"92","Sprycel (dasatinib)","Chronic myeloid leukemia with resistance or intolerance to prior therapy including imatinib",NA,"6/28/2006","5/21/2009","AA_VerifiedBenefit"
"93","Thalomid (thalidomide)","Newly diagnosed multiple myeloma",NA,"5/25/2006","6/19/2014","AA_VerifiedBenefit"
"94","Sutent (sunitinib maleate)","Advanced renal cell carcinoma",NA,"1/26/2006","2/2/2007","AA_VerifiedBenefit"
"95","Femara (letrozole)","Postmenopausal women with HR positive early breast cancer",NA,"12/28/2005","4/30/2010","AA_VerifiedBenefit"
"96","Arranon (nelarabine)","Relapsed/refractory T-cell acute lymphoblastic leukemia and T-cell lymphoblastic leukemia following at least 2 chemotherapy regimens",NA,"10/28/2005","7/31/2019","AA_VerifiedBenefit"
"97","Femara (letrozole)","Extended adjuvant treatment of early breast cancer in postmenopausal women who received 5 years of adjuvant tamoxifen",NA,"10/29/2004","4/30/2010","AA_VerifiedBenefit"
"98","Alimta (pemetrexed disodium)","As a single agent for locally advanced or metastatic NSCLC after prior chemotherapy",NA,"8/19/2004","7/2/2009","AA_VerifiedBenefit"
"99","Erbitux (cetuximab)","In combination with irinotecan for EGFR-expressing metastatic colorectal carcinoma refractory to irinotecan-based chemotherapy",NA,"2/12/2004","7/6/2012","AA_VerifiedBenefit"
"100","Erbitux (cetuximab)","As a single agent for EGFR-expressing metastatic colorectal carcinoma intolerant to irinotecan-based chemotherapy",NA,"2/12/2004","10/2/2007","AA_VerifiedBenefit"
"101","Gleevec (imatinib mesylate)","Pediatric patients with recurrent PH+ chronic phase CML after stem cell transplant or who are resistant to interferon alpha therapy",NA,"5/20/2003","9/27/2006","AA_VerifiedBenefit"
"102","Velcade (bortezomib)","Multiple myeloma patients who received at least two prior therapies and demontrated disease progression on the last therapy",NA,"5/13/2003","3/25/2005","AA_VerifiedBenefit"
"103","Gleevec (imatinib mesylate)","Newly diagnosed adults with Philadelphia chromosome positive CML",NA,"12/20/2002","5/27/2009","AA_VerifiedBenefit"
"104","Arimidex (anastrozole)","Adjuvant treatment of postmenopausal women with hormone receptor positive early breast cancer",NA,"9/5/2002","9/16/2005","AA_VerifiedBenefit"
"105","Eloxatin (oxaliplatin)","In combination with infusional 5-FU/LV for metastatic color or rectal carcinoma that progressed during or within 6 months of completion of first-line therapy with bolus 5 -FU/LV and irinotectan",NA,"8/9/2002","1/9/2004","AA_VerifiedBenefit"
"106","Zevalin (ibritumomab tiuxetan)","Relapsed or refractory low-grade follicular or transformed B-cell NHL other than rituximab-refractory follicular NHL",NA,"2/19/2002","9/3/2009","AA_VerifiedBenefit"
"107","Gleevec (imatinib mesylate)","KIT (CD117) positive unresectable and/or metastatic GIST",NA,"2/1/2002","9/26/2008","AA_VerifiedBenefit"
"108","Gleevec (imatinib mesylate)","CML in blast crisis, accelerated phase, or in chronic phase after failure of of interferon-alpha",NA,"5/10/2001","12/8/2003","AA_VerifiedBenefit"
"109","Campath (alemtuzumab)","B-cell CLL treated with alkylating agents and failed fludarabine therapy",NA,"5/7/2001","9/19/2007","AA_VerifiedBenefit"
"110","Temodar (temozolomide)","Adults with refractory anaplastic astrocytoma",NA,"8/11/1999","3/15/2005","AA_VerifiedBenefit"
"111","Doxil (doxorubicin hydrochloride)","Metastatic ovarian carcinoma refractory to paclitaxel and platinum-based chemotherapy",NA,"6/28/1999","1/28/2005","AA_VerifiedBenefit"
"112","Ontak (denileukin diftitox)","Persistent or recurrent cutaneous T-cell lymphoma expressing the CD25 component of IL-2 receptor",NA,"2/5/1999","10/15/2008","AA_VerifiedBenefit"
"113","Depocyt (cytarabine(liposomal))","Intrathecal treatment of lymphomatous meningitis",NA,"4/1/1999","4/19/2007","AA_VerifiedBenefit"
"114","Xeloda (capecitabine)","Metastatic breast cancer resistant to paclitaxel and an anthracycline-containing chemotherapy regimen or resistant to paclitaxel and further anthracycline therapy is contraindicated",NA,"4/30/1998","9/7/2001","AA_VerifiedBenefit"
"115","Camptosar (irinotecan hcl trihydrote)","Metastatic colon or rectal carcinoma that progressed following 5-FU therapy",NA,"6/14/1996","10/22/1998","AA_VerifiedBenefit"
"116","Taxotere (docetaxel)","Locally advanced or metastatic breast carcinoma that progressed during anthracycline-based therapy or relapsed during anthracycline-based adjuvant therapy",NA,"5/14/1996","6/22/1998","AA_VerifiedBenefit"
"117","Doxil (doxorubicin hydrochloride)","Kaposi's sarcoma in AIDS patients with disease progression on prior combination chemotherapy or who are intolerant to such therapy",NA,"11/17/1995","6/10/2008","AA_VerifiedBenefit"
"118","Casodex (bicalutamide)","In combination with an LHRH analogue for advanced prostate cancer",NA,"10/4/1995","12/12/1997","AA_VerifiedBenefit"
