"","description","url"
"1","FDA granted accelerated approval to rucaparib (RUBRACA, Clovis Oncology, Inc.) for treatment of patients with deleterious BRCA mutation (germline and/or somatic) associated advanced ovarian cancer who have been treated with two or more chemotherapies. More Information. December 19, 2016","https://wayback.archive-it.org/7993/20170111064250/http%3A//www.fda.gov/Drugs/InformationOnDrugs/ApprovedDrugs/ucm533891.htm"
"2","FDA approved daratumumab (DARZALEX, Janssen Biotech, Inc.) in combination with lenalidomide and dexamethasone, or bortezomib and dexamethasone, for the treatment of patients with multiple myeloma who have received at least one prior therapy. More Information. November 21, 2016","https://wayback.archive-it.org/7993/20170111064250/http%3A//www.fda.gov/Drugs/InformationOnDrugs/ApprovedDrugs/ucm530249.htm"
"3","FDA approved nivolumab (OPDIVO Injection, Bristol-Myers Squibb Company), for the treatment of patients with recurrent or metastatic squamous cell carcinoma of the head and neck (SCCHN) with disease progression on or after a platinum-based therapy. More Information. November 10, 2016","https://wayback.archive-it.org/7993/20170111064250/http%3A//www.fda.gov/Drugs/InformationOnDrugs/ApprovedDrugs/ucm528920.htm"
"4","FDA approved pembrolizumab (KEYTRUDA, Merck & Co., Inc.) for the treatment of patients with metastatic non-small cell lung cancer (NSCLC) whose tumors express PD-L1 as determined by an FDA-approved test. More Information. October 24, 2016","https://wayback.archive-it.org/7993/20170111064250/http%3A//www.fda.gov/Drugs/InformationOnDrugs/ApprovedDrugs/ucm526430.htm"
"5","FDA granted accelerated approval to olaratumab (LARTRUVO, Eli Lilly and Company) for the treatment of patients with soft tissue sarcoma (STS) not amenable to curative treatment with radiotherapy or surgery and with a histologic subtype for which an anthracycline-containing regimen is appropriate. More Information. October 19, 2016","https://wayback.archive-it.org/7993/20170111064250/http%3A//www.fda.gov/Drugs/InformationOnDrugs/ApprovedDrugs/ucm526087.htm"
"6","FDA approved atezolizumab (TECENTRIQ, Genentech Oncology) for the treatment of patients with metastatic non-small cell lung cancer (NSCLC) whose disease progressed during or following platinum-containing chemotherapy. Patients with EGFR or ALK genomic tumor aberrations should have disease progression on FDA-approved therapy for these aberrations prior to receiving atezolizumab. More Information. October 18, 2016","https://wayback.archive-it.org/7993/20170111064250/http%3A//www.fda.gov/Drugs/InformationOnDrugs/ApprovedDrugs/ucm525780.htm"
"7","FDA modified the indication for erlotinib (TARCEVA, Astellas Pharm Global Development Inc.) for treatment of non-small cell lung cancer (NSCLC) to limit use to patients whose tumors have specific epidermal growth factor receptor (EGFR) mutations. More Information. October 18, 2016","https://wayback.archive-it.org/7993/20170111064250/http%3A//www.fda.gov/Drugs/InformationOnDrugs/ApprovedDrugs/ucm525739.htm"
"8","FDA modified the dosage regimen for nivolumab (Opdivo, Bristol-Myers Squibb Co.) for the currently approved indications for renal cell carcinoma, metastatic melanoma, and non-small cell lung cancer. The currently approved recommended dosage regimens were modified to 240 mg intravenously (IV) every two weeks. More Information. September 13, 2016.","https://wayback.archive-it.org/7993/20170111064250/http%3A//www.fda.gov/Drugs/InformationOnDrugs/ApprovedDrugs/ucm520871.htm"
"9","FDA granted accelerated approval to pembrolizumab (KEYTRUDA injection, Merck Sharp & Dohme Corp.) for the treatment of patients with recurrent or metastatic head and neck squamous cell carcinoma (HNSCC) with disease progression on or after platinum-containing chemotherapy. More Information. August 5, 2016","https://wayback.archive-it.org/7993/20170111064250/http%3A//www.fda.gov/Drugs/InformationOnDrugs/ApprovedDrugs/ucm515627.htm"
"10","FDA approved cobas EGFR Mutation Test v2 (Roche Molecular Systems, Inc.) using plasma specimens as a companion diagnostic test for the detection of exon 19 deletions or exon 21 (L858R) substitution mutations in the epidermal growth factor receptor (EGFR) gene to identify patients with metastatic non-small cell lung cancer (NSCLC) eligible for treatment with Tarceva (erlotinib). More Information. June 1, 2016","https://wayback.archive-it.org/7993/20170111064250/http%3A//www.fda.gov/Drugs/InformationOnDrugs/ApprovedDrugs/ucm504540.htm"
"11","FDA gave accelerated approval to atezolizumab injection (Tecentriq, Genentech, Inc.) for the treatment of patients with locally advanced or metastatic urothelial carcinoma who have disease progression during or following platinum-containing chemotherapy or have disease progression within 12 months of neoadjuvant or adjuvant treatment with platinum-containing chemotherapy. Atezolizumab is a programmed death-ligand 1 (PD-L1) blocking antibody. More Information. May 18, 2016","https://wayback.archive-it.org/7993/20170111064250/http%3A//www.fda.gov/Drugs/InformationOnDrugs/ApprovedDrugs/ucm501878.htm"
"12","FDA granted accelerated approval to nivolumab (Opdivo, marketed by Bristol-Myers Squibb) for the treatment of patients with classical Hodgkin lymphoma (cHL) that has relapsed or progressed after autologous hematopoietic stem cell transplantation (HSCT) and post-transplantation brentuximab vedotin (Adcetris). More Information. May 17, 2016","https://wayback.archive-it.org/7993/20170111064250/http%3A//www.fda.gov/Drugs/InformationOnDrugs/ApprovedDrugs/ucm501412.htm"
"13","FDA approved lenvatinib capsules (Lenvima, Eisai, Inc.), in combination with everolimus, for the treatment of advanced renal cell carcinoma following one prior anti-angiogenic therapy. Lenvatinib was first approved in 2015 for the treatment of locally recurrent or metastatic, progressive, radioactive iodine-refractory differentiated thyroid cancer. More Information. May 13, 2016","https://wayback.archive-it.org/7993/20170111064250/http%3A//www.fda.gov/Drugs/InformationOnDrugs/ApprovedDrugs/ucm501070.htm"
"14","FDA approved cabozantinib (CABOMETYX, Exelixis, Inc.) for the treatment of advanced renal cell carcinoma in patients who have received prior anti-angiogenic therapy. More Information. April 25, 2016","https://wayback.archive-it.org/7993/20170111064250/http%3A//www.fda.gov/Drugs/InformationOnDrugs/ApprovedDrugs/ucm497483.htm"
"15","FDA approved venetoclax (VENCLEXTA tablets, marketed by AbbVie, Inc. and Genentech USA, Inc.) for the treatment of patients with chronic lymphocytic leukemia (CLL) with 17p deletion, as detected by an FDA-approved test, who have received at least one prior therapy. More Information. April 11, 2016","https://wayback.archive-it.org/7993/20170111064250/http%3A//www.fda.gov/Drugs/InformationOnDrugs/ApprovedDrugs/ucm495351.htm"
"16","FDA approved Defitelio (defibrotide sodium, Jazz Pharmaceuticals, Inc.) for the treatment of adult and pediatric patients with hepatic veno-occlusive disease (VOD), also known as sinusoidal obstructive syndrome, with renal or pulmonary dysfunction following hematopoietic stem-cell transplantation (HSCT). More Information. March 30, 2016.","https://wayback.archive-it.org/7993/20170111064250/http%3A//www.fda.gov/Drugs/InformationOnDrugs/ApprovedDrugs/ucm493278.htm"
"17","FDA approved crizotinib capsules (Xalkori, Pfizer, Inc.) for the treatment of patients with metastatic non-small cell lung cancer (NSCLC) whose tumors are ROS1-positive. More Information. March 11, 2016","https://wayback.archive-it.org/7993/20170111064250/http%3A//www.fda.gov/Drugs/InformationOnDrugs/ApprovedDrugs/ucm490391.htm"
"18","FDA approved everolimus (Afinitor , Novartis) for the treatment of adult patients with progressive, well-differentiated non-functional, neuroendocrine tumors (NET) of gastrointestinal (GI) or lung origin with unresectable, locally advanced or metastatic disease. More Information. February 26, 2016","https://wayback.archive-it.org/7993/20170111064250/http%3A//www.fda.gov/Drugs/InformationOnDrugs/ApprovedDrugs/ucm488028.htm"
"19","FDA approved obinutuzumab (Gazyva Injection, Genentech, Inc.) for use in combination with bendamustine followed by obinutuzumab monotherapy for the treatment of patients with follicular lymphoma (FL) who relapsed after, or are refractory to, a rituximab-containing regimen. Obinutuzumab was previously approved for use in combination with chlorambucil for the treatment of patients with previously untreated chronic lymphocytic leukemia. More Information. February 26, 2016","https://wayback.archive-it.org/7993/20170111064250/http%3A//www.fda.gov/Drugs/InformationOnDrugs/ApprovedDrugs/ucm488013.htm"
"20","FDA approved palbociclib (IBRANCE Capsules, Pfizer, Inc.) in combination with fulvestrant for the treatment of women with hormone receptor (HR)-positive, human epidermal growth factor receptor 2 (HER2)-negative advanced or metastatic breast cancer with disease progression following endocrine therapy. More Information. February 19, 2016","https://wayback.archive-it.org/7993/20170111064250/http%3A//www.fda.gov/Drugs/InformationOnDrugs/ApprovedDrugs/ucm487080.htm"
"21","FDA approved eribulin (HALAVEN® injection, Eisai Co., Ltd.) for the treatment of patients with unresectable or metastatic liposarcoma who have received a prior anthracycline-containing regimen. More Information. January 28, 2016","https://wayback.archive-it.org/7993/20170111064250/http%3A//www.fda.gov/Drugs/InformationOnDrugs/ApprovedDrugs/ucm483795.htm"
"22"," FDA approved ofatumumab (Arzerra Injection, Novartis Pharmaceuticals Corporation) for extended treatment of patients who are in complete or partial response after at least two lines of therapy for recurrent or progressive chronic lymphocytic leukemia (CLL). Ofatumumab was previously approved for the treatment of previously untreated patients with CLL for whom fludarabine-based therapy was considered inappropriate and also for patients with CLL refractory to fludarabine and alemtuzumab. More Information. January 19, 2016","https://wayback.archive-it.org/7993/20170111064250/http%3A//www.fda.gov/Drugs/InformationOnDrugs/ApprovedDrugs/ucm482308.htm"
"23","On December 18, 2015, the U. S. Food and Drug Administration (FDA) expanded the label to include the approval of pembrolizumab (Keytruda Injection, Merck Sharp & Dohme Corp.) for the treatment of patients with unresectable or metastatic melanoma. This expansion now includes the initial treatment of patients with unresectable or metastatic melanoma with pembrolizumab. More Information. December 18, 2015","https://wayback.archive-it.org/7993/20170111064250/http%3A//www.fda.gov/Drugs/InformationOnDrugs/ApprovedDrugs/ucm478493.htm"
"24","FDA granted accelerated approval to alectinib (ALECENSA capsules, Hoffmann-La Roche Inc.) for the treatment of patients with anaplastic lymphoma kinase (ALK)-positive metastatic non-small cell lung cancer (NSCLC) who have progressed on or are intolerant to crizotinib. More Information. December 11, 2015","https://wayback.archive-it.org/7993/20170111064250/http%3A//www.fda.gov/Drugs/InformationOnDrugs/ApprovedDrugs/ucm476946.htm"
"25","FDA granted approval to uridine triacetate (VISTOGARD granules, Wellstat Therapeutics Corporation) for the emergency treatment of adult and pediatric patients: 
following a fluorouracil or capecitabine overdose regardless of the presence of symptoms, or
who exhibit early-onset, severe or life-threatening toxicity affecting the cardiac or central nervous system and/or early-onset, unusually severe adverse reactions (e.g., gastrointestinal toxicity and/or neutropenia) within 96 hours following the end of fluorouracil or capecitabine administration. More Information. December 11, 2015","https://wayback.archive-it.org/7993/20170111064250/http%3A//www.fda.gov/Drugs/InformationOnDrugs/ApprovedDrugs/ucm476930.htm"
"26","who exhibit early-onset, severe or life-threatening toxicity affecting the cardiac or central nervous system and/or early-onset, unusually severe adverse reactions (e.g., gastrointestinal toxicity and/or neutropenia) within 96 hours following the end of fluorouracil or capecitabine administration. More Information. December 11, 2015","https://wayback.archive-it.org/7993/20170111064250/http%3A//www.fda.gov/Drugs/InformationOnDrugs/ApprovedDrugs/ucm476930.htm"
"27","FDA approved elotuzumab (EMPLICITI, Bristol-Myers Squibb Company) in combination with lenalidomide and dexamethasone for the treatment of patients with multiple myeloma who have received one to three prior therapies. More Information. November 30, 2015","https://wayback.archive-it.org/7993/20170111064250/http%3A//www.fda.gov/Drugs/InformationOnDrugs/ApprovedDrugs/ucm474719.htm"
"28","FDA granted approval to necitumumab (PORTRAZZA, Eli Lilly and Company) in combination with gemcitabine and cisplatin for first-line treatment of patients with metastatic squamous non-small cell lung cancer (NSCLC). Necitumumab is not indicated for treatment of non-squamous NSCLC. More Information. November 24, 2015","https://wayback.archive-it.org/7993/20170111064250/http%3A//www.fda.gov/Drugs/InformationOnDrugs/ApprovedDrugs/ucm474278.htm"
"29","FDA approved nivolumab (Opdivo Injection, Bristol-Myers Squibb Company) for the treatment of advanced renal cell carcinoma in patients who have received prior anti-angiogenic therapy. More Information. November 23, 2015","https://wayback.archive-it.org/7993/20170111064250/http%3A//www.fda.gov/Drugs/InformationOnDrugs/ApprovedDrugs/ucm474092.htm"
"30","FDA approved trametinib (Mekinist, Novartis Pharmaceuticals Corp.) and dabrafenib (Tafinlar, Novartis Pharmaceuticals Corp.) for use in combination for the treatment of patients with unresectable or metastatic melanoma with BRAF V600E or V600K mutations as detected by an FDA-approved test. More Information. November 20, 2015.","https://wayback.archive-it.org/7993/20170111064250/http%3A//www.fda.gov/Drugs/InformationOnDrugs/ApprovedDrugs/ucm476837.htm"
"31","FDA approved ixazomib (NINLARO, Millennium Pharmaceuticals, Inc., a wholly owned subsidiary of Takeda Pharmaceutical Company Limited) in combination with lenalidomide and dexamethasone for the treatment of patients with multiple myeloma who have received at least one prior therapy. Ixazomib is the first approved oral proteasome inhibitor. More Information. November 20, 2015","https://wayback.archive-it.org/7993/20170111064250/http%3A//www.fda.gov/Drugs/InformationOnDrugs/ApprovedDrugs/ucm473804.htm"
"32","FDA granted accelerated approval to daratumumab injection (DARZALEX, Janssen Biotech, Inc.), administered as a single agent for the treatment of patients with multiple myeloma who have received at least three prior lines of therapy, including a proteasome inhibitor (PI) and an immunomodulatory agent, or who are double-refractory to a PI and an immunomodulatory agent. More Information. November 16, 2015","https://wayback.archive-it.org/7993/20170111064250/http%3A//www.fda.gov/Drugs/InformationOnDrugs/ApprovedDrugs/ucm472904.htm"
"33","FDA granted accelerated approval to osimertinib (TAGRISSO) once daily tablets, AstraZeneca Pharmaceuticals LP, for the treatment of patients with metastatic epidermal growth factor receptor (EGFR) T790M mutation-positive non-small cell lung cancer (NSCLC), as detected by an FDA-approved test, who have progressed on or after EGFR tyrosine kinase inhibitor (TKI) therapy. More Information. November 13, 2015","https://wayback.archive-it.org/7993/20170111064250/http%3A//www.fda.gov/Drugs/InformationOnDrugs/ApprovedDrugs/ucm472565.htm"
"34","FDA approved cobimetinib (COTELLIC Tablets, Genentech, Inc.) for the treatment of patients with unresectable or metastatic melanoma with BRAF V600E or V600K mutation, in combination with vemurafenib. Cobimetinib is not indicated for treatment of patients with wild-type BRAF melanoma. More Information. November 10, 2015","https://wayback.archive-it.org/7993/20170111064250/http%3A//www.fda.gov/Drugs/InformationOnDrugs/ApprovedDrugs/ucm472193.htm"
"35","FDA approved ipilimumab (Yervoy Injection), for the additional indication of adjuvant treatment of patients with cutaneous melanoma with pathologic involvement of regional lymph nodes of more than 1 mm who have undergone complete resection, including total lymphadenectomy. More Information. October 28, 2015","https://wayback.archive-it.org/7993/20170111064250/http%3A//www.fda.gov/Drugs/InformationOnDrugs/ApprovedDrugs/ucm470061.htm"
"36","FDA approved talimogene laherparepvec (IMLYGIC , Amgen, Inc.), a genetically-modified oncolytic viral therapy indicated for the local treatment of unresectable cutaneous, subcutaneous, and nodal lesions in patients with melanoma recurrent after initial surgery. More Information. October 27, 2015","https://wayback.archive-it.org/7993/20170111064250/http%3A//www.fda.gov/Drugs/InformationOnDrugs/ApprovedDrugs/ucm476925.htm"
"37","FDA approved trabectedin (Yondelis Injection, Janssen) for the treatment of patients with unresectable or metastatic liposarcoma or leiomyosarcoma who have received a prior anthracycline-containing regimen. More Information. October 23, 2015 ","https://wayback.archive-it.org/7993/20170111064250/http%3A//www.fda.gov/Drugs/InformationOnDrugs/ApprovedDrugs/ucm468914.htm"
"38","FDA approved irinotecan liposome injection (ONIVYDE, Merrimack Pharmaceuticals, Inc.), administered in combination with fluorouracil (5FU) and leucovorin (LV), for the treatment of patients with metastatic adenocarcinoma of the pancreas whose disease has progressed following gemcitabine-based therapy. More Information. October 22, 2015","https://wayback.archive-it.org/7993/20170111064250/http%3A//www.fda.gov/Drugs/InformationOnDrugs/ApprovedDrugs/ucm468728.htm"
"39","FDA granted accelerated approval to idarucizumab (Praxbind Injection, Boehringer Ingelheim Pharmaceuticals, Inc.) for the treatment of patients treated with dabigatran (Pradaxa) when reversal of the anticoagulant effects of dabigatran is needed for emergency surgery/urgent procedures, or in life-threatening or uncontrolled bleeding. More Information. October 16, 2015","https://wayback.archive-it.org/7993/20170111064250/http%3A//www.fda.gov/Drugs/InformationOnDrugs/ApprovedDrugs/ucm467396.htm"
"40","FDA approved nivolumab (Opdivo Injection, Bristol-Myers Squibb Company), for the treatment of patients with metastatic non-small cell lung cancer (NSCLC) with progression on or after platinum-based chemotherapy. Patients with EGFR or ALK genomic tumor aberrations should have disease progression on FDA-approved therapy for these aberrations prior to receiving Opdivo. More Information. October 9, 2015","https://wayback.archive-it.org/7993/20170111064250/http%3A//www.fda.gov/Drugs/InformationOnDrugs/ApprovedDrugs/ucm466576.htm"
"41","FDA granted accelerated approval to pembrolizumab (KEYTRUDA Injection, Merck Sharp and Dohme Corporation) for the treatment of patients with metastatic non-small cell lung cancer (NSCLC) whose tumors express programmed death ligand 1 (PD-L1) as determined by an FDA-approved test, with disease progression on or after platinum-containing chemotherapy. More Information. October 2, 2015 ","https://wayback.archive-it.org/7993/20170111064250/http%3A//www.fda.gov/Drugs/InformationOnDrugs/ApprovedDrugs/ucm465650.htm"
"42","FDA granted accelerated approval to nivolumab (Opdivo Injection, Bristol-Myers Squibb Company) in combination with ipilimumab for the treatment of patients with BRAF V600 wild-type, unresectable or metastatic melanoma. More Information. September 30, 2015","https://wayback.archive-it.org/7993/20170111064250/http%3A//www.fda.gov/Drugs/InformationOnDrugs/ApprovedDrugs/ucm465274.htm"
"43","FDA approved trifluridine/tipiracil (LONSURF, Taiho Oncology, Inc.) for the treatment of patients with metastatic colorectal cancer who have been previously treated with fluoropyrimidine-, oxaliplatin- , and irinotecan-based chemotherapy, an anti-VEGF biologic product, and an anti-EGFR monoclonal antibody, if RAS wild-type. More Information. September 22, 2015","https://wayback.archive-it.org/7993/20170111064250/http%3A//www.fda.gov/Drugs/InformationOnDrugs/ApprovedDrugs/ucm463743.htm"
"44","FDA approved eltrombopag (Promacta for oral suspension, Novartis) for the treatment of thrombocytopenia in pediatric patients 1 year and older with chronic immune (idiopathic) thrombocytopenia (ITP) who have had an insufficient response to corticosteroids, immunoglobulins, or splenectomy. More Information. August 24, 2015 ","https://wayback.archive-it.org/7993/20170111064250/http%3A//www.fda.gov/Drugs/InformationOnDrugs/ApprovedDrugs/ucm459467.htm"
"45","FDA approved brentuximab vedotin (ADCETRIS) for the post-autologous hematopoietic stem cell transplantation (auto-HSCT) consolidation treatment of patients with classical Hodgkin lymphoma (HL) at high risk of relapse or progression. More Information. August 17, 2015","https://wayback.archive-it.org/7993/20170111064250/http%3A//www.fda.gov/Drugs/InformationOnDrugs/ApprovedDrugs/ucm458815.htm"
"46","FDA approved carfilzomib (Kyprolis, Onyx Pharmaceuticals, Inc., an Amgen subsidiary) in combination with lenalidomide and dexamethasone for the treatment of patients with relapsed multiple myeloma who have received one to three prior lines of therapy. More Information. July 24, 2015","https://wayback.archive-it.org/7993/20170111064250/http%3A//www.fda.gov/Drugs/InformationOnDrugs/ApprovedDrugs/ucm455873.htm"
"47","FDA approved sonidegib (Odomzo Capsules, Novartis Pharmaceuticals Corporation) for the treatment of patients with locally advanced basal cell carcinoma (BCC) that has recurred following surgery or radiation therapy, or those who are not candidates for surgery or radiation therapy. More Information. July 24, 2015","https://wayback.archive-it.org/7993/20170111064250/http%3A//www.fda.gov/Drugs/InformationOnDrugs/ApprovedDrugs/ucm455865.htm"
"48","FDA approved gefitinib (IRESSA) for the treatment of patients with metastatic non-small cell lung cancer (NSCLC) whose tumors have epidermal growth factor receptor (EGFR) exon 19 deletions or exon 21 (L858R) substitution mutations as detected by an FDA-approved test. This approval of gefitinib is being approved concurrently with a labeling expansion of the therascreen EGFR RGQ PCR Kit, a companion diagnostic test for patient selection. More Information. July 13, 2015","https://wayback.archive-it.org/7993/20170111064250/http%3A//www.fda.gov/Drugs/InformationOnDrugs/ApprovedDrugs/ucm454692.htm"
"49","FDA approved approved ramucirumab (CYRAMZA, Eli Lilly and Company) for use in combination with FOLFIRI for the treatment of patients with metastatic colorectal cancer (mCRC) whose disease has progressed on a first line bevacizumab-, oxaliplatin- and fluoropyrimidine-containing regimen. Ramucirumab is a recombinant human monoclonal IgG1 antibody that binds to the human vascular endothelial growth factor- receptor 2 (VEGF-R2), preventing the interaction of VEGF-R2 to its ligands. More Information. April 24, 2015 ","https://wayback.archive-it.org/7993/20170111064250/http%3A//www.fda.gov/Drugs/InformationOnDrugs/ApprovedDrugs/ucm444496.htm"
"50","FDA approved dinutuximab (Unituxin, United Therapeutics Corporation), in combination with granulocyte-macrophage colony-stimulating factor (GM-CSF), interleukin-2 (IL-2), and 13-cis-retinoic acid (RA), for the treatment of pediatric patients with high-risk neuroblastoma who achieve at least a partial response to prior first-line multiagent, multimodality therapy.More Information. March 10, 2015","https://wayback.archive-it.org/7993/20170111064250/http%3A//www.fda.gov/Drugs/InformationOnDrugs/ApprovedDrugs/ucm437480.htm"
"51","FDA approved filgrastim-sndz (ZARXIO Injection, Sandoz Inc.), as a biosimilar to US-licensed Neupogen for the five indications for which US-licensed Neupogen is approved. The formulation of ZARXIO differs from that of US-licensed Neupogen in one inactive component. More Information. March 6, 2015 ","https://wayback.archive-it.org/7993/20170111064250/http%3A//www.fda.gov/Drugs/InformationOnDrugs/ApprovedDrugs/ucm436953.htm"
"52","FDA granted approval to nivolumab (OPDIVO, Bristol-Myers Squibb Company) for the treatment of patients with metastatic squamous non-small cell lung cancer (NSCLC) with progression on or after platinum-based chemotherapy. More Information. March 4, 2015","https://wayback.archive-it.org/7993/20170111064250/http%3A//www.fda.gov/Drugs/InformationOnDrugs/ApprovedDrugs/ucm436566.htm"
"53","FDA granted accelerated approval to panobinostat (FARYDAK capsules, Novartis Pharmaceuticals) in combination with bortezomib and dexamethasone for the treatment of patients with multiple myeloma who have received at least two prior regimens, including bortezomib and an immunomodulatory agent. As a condition of this accelerated approval, FDA requires the sponsor to conduct a trial to verify and describe the clinical benefit of panobinostat for patients with multiple myeloma. More Information. February 23, 2015","https://wayback.archive-it.org/7993/20170111064250/http%3A//www.fda.gov/Drugs/InformationOnDrugs/ApprovedDrugs/ucm435339.htm"
"54","FDA approved lenvatinib (Lenvima) for the treatment of patients with locally recurrent or metastatic, progressive, radioactive iodine-refractory differentiated thyroid cancer.
More Information. February 13, 2015
 ","https://wayback.archive-it.org/7993/20170111064250/http%3A//www.fda.gov/Drugs/InformationOnDrugs/ApprovedDrugs/ucm434347.htm"
"55","FDA granted accelerated approval to palbociclib (IBRANCE, Pfizer, Inc.) for use in combination with letrozole for the treatment of postmenopausal women with estrogen receptor (ER)-positive, human epidermal growth factor receptor 2 (HER2)-negative advanced breast cancer as initial endocrine-based therapy for their metastatic disease. More Information. February 3, 2015 ","https://wayback.archive-it.org/7993/20170111064250/http%3A//www.fda.gov/Drugs/InformationOnDrugs/ApprovedDrugs/ucm432886.htm"
"56","FDA approved ibrutinib (Imbruvica Capsules, Pharmacyclics, Inc.) for the treatment of patients with Waldenstrom’s macroglobulinemia (WM). Ibrutinib was initially approved in November 2013 for the treatment of patients with mantle cell lymphoma (MCL) who have received at least one prior therapy. Ibrutinib also received approval in February 2014 for the treatment of chronic lymphocytic leukemia (CLL) in patients who received at least one prior therapy and in July 2014 for the treatment of CLL with 17p deletion. More Information. January 29, 2015","https://wayback.archive-it.org/7993/20170111064250/http%3A//www.fda.gov/Drugs/InformationOnDrugs/ApprovedDrugs/ucm432240.htm"
"57","FDA granted accelerated approval to nivolumab (OPDIVO, Bristol-Myers Squibb Company) for the treatment of patients with unresectable or metastatic melanoma and disease progression following ipilimumab and, if BRAF V600 mutation positive, a BRAF inhibitor. More Information. December 22, 2014","https://wayback.archive-it.org/7993/20170111064250/http%3A//www.fda.gov/Drugs/InformationOnDrugs/ApprovedDrugs/ucm427807.htm"
"58","FDA approved olaparib capsules (Lynparza, AstraZeneca Pharmaceuticals LP) as monotherapy for the treatment of patients with deleterious or suspected deleterious germline BRCA mutated (gBRCAm) (as detected by an FDA-approved test) advanced ovarian cancer who have been treated with three or more prior lines of chemotherapy. More Information. December 19, 2014 ","https://wayback.archive-it.org/7993/20170111064250/http%3A//www.fda.gov/Drugs/InformationOnDrugs/ApprovedDrugs/ucm427598.htm"
"59","FDA approved lanreotide (Somatuline Depot Injection, Ipsen Pharma) for the treatment of patients with unresectable, well or moderately differentiated, locally advanced or metastatic gastroenteropancreatic neuroendocrine tumors (GEP-NETs) to improve progression-free survival. More Information. December 16, 2014","https://wayback.archive-it.org/7993/20170111064250/http%3A//www.fda.gov/Drugs/InformationOnDrugs/ApprovedDrugs/ucm427065.htm"
"60","FDA approved ramucirumab (Cyramza Injection, Eli Lilly and Company) for use in combination with docetaxel for the treatment of patients with metastatic non-small cell lung cancer (NSCLC) with disease progression on or after platinum-based chemotherapy. More Information. December 12, 2014","https://wayback.archive-it.org/7993/20170111064250/http%3A//www.fda.gov/Drugs/InformationOnDrugs/ApprovedDrugs/ucm426735.htm"
"61","FDA approved ruxolitinib (Jakafi, Incyte Corporation) for the treatment of patients with polycythemia vera (PV) who have had an inadequate response to or are intolerant of hydroxyurea (HU). More Information. December 4, 2014 ","https://wayback.archive-it.org/7993/20170111064250/http%3A//www.fda.gov/Drugs/InformationOnDrugs/ApprovedDrugs/ucm425732.htm"
"62","FDA granted accelerated approval for blinatumomab (BLINCYTO, Amgen Inc.) for the treatment of Philadelphia chromosome-negative relapsed or refractory B-cell precursor acute lymphoblastic leukemia (R/R ALL). More Information. December 3, 2014","https://wayback.archive-it.org/7993/20170111064250/http%3A//www.fda.gov/Drugs/InformationOnDrugs/ApprovedDrugs/ucm425597.htm"
"63","FDA approved bevacizumab solution for intravenous infusion (Avastin, Genentech, Inc.) in combination with paclitaxel, pegylated liposomal doxorubicin, or topotecan for the treatment of patients with platinum-resistant, recurrent epithelial ovarian, fallopian tube, or primary peritoneal cancer. More Information. November 14, 2014 ","https://wayback.archive-it.org/7993/20170111064250/http%3A//www.fda.gov/Drugs/InformationOnDrugs/ApprovedDrugs/ucm423159.htm"
"64","FDA approved ramucirumab (Cyramza, Eli Lilly and Company) for use in combination with paclitaxel for the treatment of patients with advanced gastric or gastroesophageal junction (GEJ) adenocarcinoma. Ramucirumab was approved in April, 2014 as a single agent for the treatment of patients with advanced gastric or GEJ adenocarcinoma refractory to or progressive following first-line therapy with platinum or fluoropyrimidine chemotherapy. More Information. November 5, 2014","https://wayback.archive-it.org/7993/20170111064250/http%3A//www.fda.gov/Drugs/InformationOnDrugs/ApprovedDrugs/ucm421930.htm"
"65","FDA granted accelerated approval to pembrolizumab (KEYTRUDA, Merck Sharp & Dohme Corp.) for the treatment of patients with unresectable or metastatic melanoma and disease progression following ipilimumab and, if BRAF V600 mutation positive, a BRAF inhibitor.More Information. September 4, 2014","https://wayback.archive-it.org/7993/20170111064250/http%3A//www.fda.gov/Drugs/InformationOnDrugs/ApprovedDrugs/ucm412861.htm"
"66","FDA approved bevacizumab solution for intravenous infusion (Avastin, Genentech, Inc.) for the treatment of persistent, recurrent or metastatic cervical cancer, in combination with paclitaxel and cisplatin or paclitaxel and topotecan. More Information. August 14, 2014","https://wayback.archive-it.org/7993/20170111064250/http%3A//www.fda.gov/Drugs/InformationOnDrugs/ApprovedDrugs/ucm410128.htm"
"67","FDA approved idelalisib (Zydelig tablets, GileadSciences, Inc.) for the treatment of patients with relapsed chronic lymphocytic leukemia (CLL), in combination with rituximab, for whom rituximab alone would be considered appropriate therapy due to other co-morbidities. More Information. July 23, 2014","https://wayback.archive-it.org/7993/20170111064250/http%3A//www.fda.gov/Drugs/InformationOnDrugs/ApprovedDrugs/ucm406410.htm"
"68","FDA granted accelerated approval to belinostat (BELEODAQ, Spectrum Pharmaceuticals, Inc.) for the treatment of patients with relapsed or refractory peripheral T-cell lymphoma (PTCL). More Information. July 3, 2014","https://wayback.archive-it.org/7993/20170111064250/http%3A//www.fda.gov/Drugs/InformationOnDrugs/ApprovedDrugs/ucm403960.htm"
"69","FDA granted accelerated approval to ceritinib (ZYKADIA, Novartis Pharmaceuticals Corporation) for the treatment of patients with anaplastic lymphoma kinase (ALK)-positive, metastatic non-small cell lung cancer (NSCLC) with disease progression on or who are intolerant to crizotinib. More Information. April 29, 2014","https://wayback.archive-it.org/7993/20170111064250/http%3A//www.fda.gov/Drugs/InformationOnDrugs/ApprovedDrugs/ucm395386.htm"
"70","FDA approved an oral suspension of mercaptopurine (Purixan, NOVA Laboratories Limited). Mercaptopurine is a 20 mg/ml oral suspension. Purixan is indicated for the treatment of patients with acute lymphoblastic leukemia (ALL) as part of a combination regimen. More Information. April 28, 2014","https://wayback.archive-it.org/7993/20170111064250/http%3A//www.fda.gov/Drugs/InformationOnDrugs/ApprovedDrugs/ucm395156.htm"
"71","FDA approved siltuximab (Sylvant Injection Janssen Biotech, Inc.), for the treatment of patients with multicentric Castleman’s disease (MCD) who are human immunodeficiency virus (HIV-) -negative and human herpes virus -8 (HHV-8) -negative. More Information. April 23, 2014. ","https://wayback.archive-it.org/7993/20170111064250/http%3A//www.fda.gov/Drugs/InformationOnDrugs/ApprovedDrugs/ucm394675.htm"
"72","FDA approved ramucirumab (Cyramza, Eli Lilly and Company) for use as a single agent for the treatment of patients with advanced or metastatic, gastric or gastroesophageal junction (GEJ) adenocarcinoma with disease progression on or after prior treatment with fluoropyrimidine- or platinum-containing chemotherapy. Ramucirumab is a recombinant monoclonal antibody of the IgG1 class that binds to vascular endothelial growth factor receptor-2 (VEGFR-2) and blocks the activation of the receptor. More Information. April 21, 2014","https://wayback.archive-it.org/7993/20170111064250/http%3A//www.fda.gov/Drugs/InformationOnDrugs/ApprovedDrugs/ucm394260.htm"
"73","FDA approved ofatumumab (Arzerra Injection, for intravenous infusion; GlaxoSmithKline) in combination with chlorambucil, for the treatment of previously untreated patients with chronic lymphocytic leukemia (CLL), for whom fludarabine-based therapy is considered inappropriate. More Information. April 17, 2014","https://wayback.archive-it.org/7993/20170111064250/http%3A//www.fda.gov/Drugs/InformationOnDrugs/ApprovedDrugs/ucm393823.htm"
"74","FDA granted accelerated approval to ibrutinib (IMBRUVICA, Pharmacyclics, Inc.) for the treatment of patients with chronic lymphocytic leukemia (CLL) who have received at least one prior therapy. Ibrutinib previously received accelerated approval on November 13, 2013 for the treatment of patients with mantle cell lymphoma who have received at least one prior therapy. More Information. February 12, 2014","https://wayback.archive-it.org/7993/20170111064250/http%3A//www.fda.gov/Drugs/InformationOnDrugs/ApprovedDrugs/ucm385878.htm"
"75","FDA granted accelerated approval to trametinib (Mekinist tablets, GlaxoSmithKline, LLC) and dabrafenib (Tafinlar capsules, GlaxoSmithKline, LLC) for use in combination in the treatment of patients with unresectable or metastatic melanoma with a BRAF V600E or V600K mutation as detected by an FDA-approved test. More Information. January 10, 2014","https://wayback.archive-it.org/7993/20170111064250/http%3A//www.fda.gov/Drugs/InformationOnDrugs/ApprovedDrugs/ucm381451.htm"
"76","FDA approved sorafenib (NEXAVAR tablets, Bayer Healthcare Pharmaceuticals Inc.) for the treatment of locally recurrent or metastatic, progressive, differentiated thyroid carcinoma (DTC) refractory to radioactive iodine treatment. Sorafenib was previously approved for treatment of renal cell carcinoma (2005) and hepatocellular carcinoma (2007) More Information. November 22, 2013","https://wayback.archive-it.org/7993/20170111064250/http%3A//www.fda.gov/Drugs/InformationOnDrugs/ApprovedDrugs/ucm376547.htm"
"77","FDA granted regular approval for crizotinib (Xalkori, Pfizer, Inc.) capsules for the treatment of patients with metastatic non-small cell lung cancer (NSCLC) whose tumors are anaplastic lymphoma kinase (ALK)-positive as detected by an FDA-approved test. More Information. November 20, 2013","https://wayback.archive-it.org/7993/20170111064250/http%3A//www.fda.gov/Drugs/InformationOnDrugs/ApprovedDrugs/ucm376058.htm"
"78","FDA granted accelerated approval to Ibrutinib (IMBRUVICA, Pharmacyclics, Inc.) for the treatment of patients with mantle cell lymphoma (MCL) who have received at least one prior therapy. More Information. November 13, 2013","https://wayback.archive-it.org/7993/20170111064250/http%3A//www.fda.gov/Drugs/InformationOnDrugs/ApprovedDrugs/ucm374857.htm"
"79","FDA approved obinutuzumab (GAZYVA injection, for intravenous use, Genentech, Inc.; previously known as GA101) for use in combination with chlorambucil for the treatment of patients with previously untreated chronic lymphocytic leukemia (CLL). More Information. November 1, 2013","https://wayback.archive-it.org/7993/20170111064250/http%3A//www.fda.gov/Drugs/InformationOnDrugs/ApprovedDrugs/ucm373263.htm"
"80","FDA has asked the manufacturer of the leukemia chemotherapy drug Iclusig (ponatinib) to suspend marketing and sales of Iclusig because of the risk of life-threatening blood clots and severe narrowing of blood vessels. More Information. October 31, 2013","https://wayback.archive-it.org/7993/20170111064250/http%3A//www.fda.gov/Drugs/InformationOnDrugs/ApprovedDrugs/ucm373072.htm"
"81","FDA provided information on the availability of doxorubicin hydrochloride liposome injection to supply the U.S. market. More Information. October 8, 2013 ","https://wayback.archive-it.org/7993/20170111064250/http%3A//www.fda.gov/Drugs/InformationOnDrugs/ApprovedDrugs/ucm370803.htm"
"82","FDA granted accelerated approval to pertuzumab injection (PERJETA, Genentech, Inc.) for use in combination with trastuzumab and docetaxel for the neoadjuvant treatment of patients with HER2-positive, locally advanced, inflammatory, or early stage breast cancer (either greater than 2 cm in diameter or node positive) as part of a complete treatment regimen for early breast cancer. More Information. September 30, 2013","https://wayback.archive-it.org/7993/20170111064250/http%3A//www.fda.gov/Drugs/InformationOnDrugs/ApprovedDrugs/ucm370449.htm"
"83","FDA approved paclitaxel protein-bound particles (albumin-bound) (Abraxane for injectable suspension, Abraxis BioScience, LLC, a wholly owned subsidiary of Celgene Corporation), in combination with gemcitabine for the first-line treatment of patients with metastatic adenocarcinoma of the pancreas. More Information. September 6, 2013","https://wayback.archive-it.org/7993/20170111064250/http%3A//www.fda.gov/Drugs/InformationOnDrugs/ApprovedDrugs/ucm367613.htm"
"84","FDA approved afatinib (Gilotrif tablets, Boehringer Ingelheim Pharmaceuticals, Inc.), for the first-line treatment of patients with metastatic non-small cell lung cancer (NSCLC) whose tumors have epidermal growth factor receptor (EGFR) exon 19 deletions or exon 21 (L858R) substitution mutations as detected by an FDA-approved test. The safety and efficacy of afatinib have not been established in patients whose tumors have other EGFR mutations. Concurrent with this action, FDA approved the therascreen EGFR RGQ PCR Kit (QIAGEN) for detection of EGFR exon 19 deletions or exon 21 (L858R) substitution mutations. More Information. July 12, 2013","https://wayback.archive-it.org/7993/20170111064250/http%3A//www.fda.gov/Drugs/InformationOnDrugs/ApprovedDrugs/ucm360574.htm"
"85","FDA approved denosumab (Xgeva injection, for subcutaneous use, Amgen Inc.) for the treatment of adults and skeletally mature adolescents with giant cell tumor of bone that is unresectable or where surgical resection is likely to result in severe morbidity. More Information. June 13, 2013","https://wayback.archive-it.org/7993/20170111064250/http%3A//www.fda.gov/Drugs/InformationOnDrugs/ApprovedDrugs/ucm356667.htm"
"86","FDA approved lenalidomide capsules (REVLIMID, Celgene Corporation), for the treatment of patients with mantle cell lymphoma (MCL) whose disease has relapsed or progressed after two prior therapies, one of which included bortezomib. More Information. June 5, 2013","https://wayback.archive-it.org/7993/20170111064250/http%3A//www.fda.gov/Drugs/InformationOnDrugs/ApprovedDrugs/ucm355438.htm"
"87","FDA approved trametinib (MEKINIST tablet, GlaxoSmithKline, LLC), for the treatment of patients with unresectable or metastatic melanoma with BRAF V600E or V600K mutation as detected by an FDA-approved test. More Information. May 29, 2013","https://wayback.archive-it.org/7993/20170111064250/http%3A//www.fda.gov/Drugs/InformationOnDrugs/ApprovedDrugs/ucm354478.htm"
"88","FDA approved dabrafenib (TAFINLAR capsule, GlaxoSmithKline, LLC), for the treatment of patients with unresectable or metastatic melanoma with BRAF V600E mutation as detected by an FDA-approved test. More Information. May 29, 2013","https://wayback.archive-it.org/7993/20170111064250/http%3A//www.fda.gov/Drugs/InformationOnDrugs/ApprovedDrugs/ucm354477.htm"
"89","FDA approved radium Ra 223 dichloride (Xofigo Injection, Bayer HealthCare Pharmaceuticals Inc.) for the treatment of patients with castration-resistant prostate cancer, symptomatic bone metastases and no known visceral metastatic disease. Xofigo is an alpha-particle emitting radiotherapeutic drug which mimics calcium and forms complexes with hydroxyapatite at areas of increased bone turnover, such as bone metastases. More Information. May 15, 2013","https://wayback.archive-it.org/7993/20170111064250/http%3A//www.fda.gov/Drugs/InformationOnDrugs/ApprovedDrugs/ucm352393.htm"
"90","FDA approved erlotinib (Tarceva, Astellas Pharma Inc.) for the first-line treatment of metastatic non-small cell lung cancer (NSCLC) patients whose tumors have epidermal growth factor receptor (EGFR) exon 19 deletions or exon 21 (L858R) substitution mutations. This indication for erlotinib is being approved concurrently with the cobas EGFR Mutation Test, a companion diagnostic test for patient selection. More Information. May 14, 2013","https://wayback.archive-it.org/7993/20170111064250/http%3A//www.fda.gov/Drugs/InformationOnDrugs/ApprovedDrugs/ucm352317.htm"
"91","FDA approved ado-trastuzumab emtansine (KADCYLA for injection, Genentech, Inc.), for use as a single agent for the treatment of patients with HER2-positive, metastatic breast cancer who previously received trastuzumab and a taxane, separately or in combination. Patients should have either received prior therapy for metastatic disease or developed disease recurrence during or within six months of completing adjuvant therapy. More Information. February 22,2013","https://wayback.archive-it.org/7993/20170111064250/http%3A//www.fda.gov/Drugs/InformationOnDrugs/ApprovedDrugs/ucm340913.htm"
"92","FDA granted accelerated approval to pomalidomide (POMALYST capsules, Celgene Corporation) for the treatment of patients with multiple myeloma who have received at least two prior therapies, including lenalidomide and bortezomib, and have demonstrated disease progression on or within 60 days of completion of the last therapy. More Information. February 8, 2013","https://wayback.archive-it.org/7993/20170111064250/http%3A//www.fda.gov/Drugs/InformationOnDrugs/ApprovedDrugs/ucm339286.htm"
"93","FDA approved doxorubicin hydrochloride liposome injection (Sun Pharma Global FZE), a generic version of DOXIL Injection (doxorubicin hydrochloride liposome; Janssen Products, L.P.) for the treatment of ovarian cancer in patients whose disease has progressed or recurred after platinum-based chemotherapy and for AIDS-related Kaposi’s sarcoma after failure of prior systemic chemotherapy or intolerance to such therapy. More Information. February 4, 2013","https://wayback.archive-it.org/7993/20170111064250/http%3A//www.fda.gov/Drugs/InformationOnDrugs/ApprovedDrugs/ucm338433.htm"
"94","FDA approved bevacizumab (Avastin, Genentech U.S., Inc.) for use in combination with fluoropyrimidine-irinotecan or fluoropyrimidine-oxaliplatin based chemotherapy for the treatment of patients with metastatic colorectal cancer (mCRC) whose disease has progressed on a first-line bevacizumab-containing regimen. More Information. January 23, 2013","https://wayback.archive-it.org/7993/20170111064250/http%3A//www.fda.gov/Drugs/InformationOnDrugs/ApprovedDrugs/ucm336763.htm"
"95","FDA granted accelerated approval to ponatinib (Iclusig tablets, ARIAD Pharmaceuticals, Inc.) for the treatment of adult patients with chronic phase, accelerated phase, or blast phase chronic myeloid leukemia (CML) that is resistant or intolerant to prior tyrosine kinase inhibitor therapy or Philadelphia chromosome positive acute lymphoblastic leukemia (Ph+ALL) that is resistant or intolerant to prior tyrosine kinase inhibitor therapy. More Information21. December 17, 2012","https://wayback.archive-it.org/7993/20170111231726/http://www.fda.gov/Drugs/InformationOnDrugs/ApprovedDrugs/ucm332368.htm"
"96","FDA approved an expanded indication for abiraterone acetate (ZytigaTablets, Janssen Biotech, Inc.) in combination with prednisone for the treatment of patients with metastatic castration-resistant prostate cancer. More Information22. December 10, 2012","https://wayback.archive-it.org/7993/20170111231726/http://www.fda.gov/Drugs/InformationOnDrugs/ApprovedDrugs/ucm331628.htm"
"97","FDA approved cabozantinib (COMETRIQ capsules, Exelixis, Inc), for the treatment of patients with progressive metastatic medullary thyroid cancer (MTC). Cabozantinib is a small molecule that inhibits the activity of multiple tyrosine kinases, including RET, MET, and VEGF receptor 2. More Information23. November 29, 2012","https://wayback.archive-it.org/7993/20170111231726/http://www.fda.gov/Drugs/InformationOnDrugs/ApprovedDrugs/ucm330213.htm"
"98","FDA granted accelerated approval to omacetaxine mepesuccinate, (SYNRIBO for Injection, for subcutaneous use, Teva Pharmaceutical Industries Ltd.), for the treatment of adult patients with chronic or accelerated phase chronic myeloid leukemia (CML) with resistance and/or intolerance to two or more tyrosine kinase inhibitors (TKIs). More Information24. October 26, 2012","https://wayback.archive-it.org/7993/20170111231726/http://www.fda.gov/Drugs/InformationOnDrugs/ApprovedDrugs/ucm325990.htm"
"99","FDA approved a 90-minute infusion for rituximab (RituxanInjection, Genentech, Inc.) starting at Cycle 2 for patients with non-Hodgkin’s lymphoma (NHL) who did not experience a grade 3 or 4 infusion-related adverse reaction during Cycle 1. Patients with clinically significant cardiovascular disease and high circulating lymphocyte counts (>5000/mcL) are not recommended to receive the faster infusion. More Information25. October 19, 2012","https://wayback.archive-it.org/7993/20170111231726/http://www.fda.gov/Drugs/InformationOnDrugs/ApprovedDrugs/ucm324890.htm"
"100","FDA expanded labeling to include the results of an additional trial evaluating the safety and efficacy of pemetrexed (ALIMTA, Eli Lilly and Company) for the initial treatment of patients with locally advanced or metastatic, non-squamous, non-small cell lung cancer followed by pemetrexed maintenance in patients whose disease has not progressed after four cycles of platinum and pemetrexed as first-line chemotherapy. More Information26. October 17, 2012","https://wayback.archive-it.org/7993/20170111231726/http://www.fda.gov/Drugs/InformationOnDrugs/ApprovedDrugs/ucm324239.htm"
"101","FDA approved paclitaxel protein-bound particles for injectable suspension, albumin-bound (ABRAXANE for Injectable Suspension; Abraxis Bioscience a wholly owned subsidiary of Celgene Corporation) for use in combination with carboplatin for the initial treatment of patients with locally advanced or metastatic non-small cell lung cancer (NSCLC) who are not candidates for curative surgery or radiation therapy. More Information27. October 11, 2012","https://wayback.archive-it.org/7993/20170111231726/http://www.fda.gov/Drugs/InformationOnDrugs/ApprovedDrugs/ucm323668.htm"
"102","FDA approved regorafenib (Stivarga tablets, Bayer HealthCare Pharmaceuticals, Inc.), for the treatment of patients with metastatic colorectal cancer (mCRC) who have been previously treated with fluoropyrimidine-, oxaliplatin-, and irinotecan-based chemotherapy, an anti-VEGF therapy, and, if KRAS wild type, an anti-EGFR therapy. More Information28. September 27, 2012","https://wayback.archive-it.org/7993/20170111231726/http://www.fda.gov/Drugs/InformationOnDrugs/ApprovedDrugs/ucm321378.htm"
"103","FDA approved bosutinib tablets (Bosulif, Pfizer, Inc.) for the treatment of chronic, accelerated, or blast phase Philadelphia chromosome positive (Ph+) chronic myelogenous leukemia (CML) in adult patients with resistance or intolerance to prior therapy. More Information.29 September 4, 2012","https://wayback.archive-it.org/7993/20170111231726/http://www.fda.gov/Drugs/InformationOnDrugs/ApprovedDrugs/ucm318203.htm"
"104","FDA approved enzalutamide (XTANDICapsules, Medivation, Inc. and Astellas Pharma US, Inc.), for the treatment of patients with metastatic castration-resistant prostate cancer who have previously received docetaxel. More Information30. August 31, 2012","https://wayback.archive-it.org/7993/20170111231726/http://www.fda.gov/Drugs/InformationOnDrugs/ApprovedDrugs/ucm317997.htm"
"105","FDA granted accelerated approval for everolimus tablets for oral suspension (Afinitor Disperz, Novartis Pharmaceuticals Corp.) for the treatment of pediatric and adult patients with tuberous sclerosis complex (TSC) who have subependymal giant cell astrocytoma (SEGA) that requires therapeutic intervention but cannot be curatively resected. More Information31. August 30, 2012","https://wayback.archive-it.org/7993/20170111231726/http://www.fda.gov/Drugs/InformationOnDrugs/ApprovedDrugs/ucm317490.htm"
"106","FDA granted accelerated approval for vinCRIStine sulfate LIPOSOME injection (Marqibo, Talon Therapeutics, Inc.) for the treatment of adult patients with Philadelphia chromosome-negative (Ph-) acute lymphoblastic leukemia (ALL) in second or greater relapse or whose disease has progressed following two or more anti-leukemia therapies. More Information32. August 9, 2012","https://wayback.archive-it.org/7993/20170111231726/http://www.fda.gov/Drugs/InformationOnDrugs/ApprovedDrugs/ucm315111.htm"
"107","FDA approved ziv-aflibercept injection (ZALTRAP, Sanofi U.S., Inc.) for use in combination with 5-fluorouracil, leucovorin, irinotecan (FOLFIRI) for the treatment of patients with metastatic colorectal cancer (mCRC) that is resistant to or has progressed following an oxaliplatin containing regimen. More Information33. August 3, 2012","https://wayback.archive-it.org/7993/20170111231726/http://www.fda.gov/Drugs/InformationOnDrugs/ApprovedDrugs/ucm314438.htm"
"108","FDA approved everolimus tablets (Afinitor®, Novartis Pharmaceuticals Corporation) for the treatment of postmenopausal women with advanced hormone receptor-positive, HER2-negative breast cancer in combination with exemestane, after failure of treatment with letrozole or anastrozole. More Information.34 July 20, 2012","https://wayback.archive-it.org/7993/20170111231726/http://www.fda.gov/Drugs/InformationOnDrugs/ApprovedDrugs/ucm313008.htm"
"109","FDA granted accelerated approval to carfilzomib injection (Kyprolis, Onyx Pharmaceuticals), for the treatment of patients with multiple myeloma who have received at least two prior therapies, including bortezomib and an immunomodulatory agent, and have demonstrated disease progression on or within 60 days of the completion of the last therapy. More Information35. July 20, 2012","https://wayback.archive-it.org/7993/20170111231726/http://www.fda.gov/Drugs/InformationOnDrugs/ApprovedDrugs/ucm312945.htm"
"110","FDA granted approval to cetuximab (Erbitux, ImClone LLC, a wholly owned subsidiary of Eli Lilly and Co) for use in combination with FOLFIRI (irinotecan, 5-fluorouracil, leucovorin) for first-line treatment of patients with K-ras mutation-negative (wild-type), EGFR-expressing metastatic colorectal cancer (mCRC) as determined by FDA-approved tests for this use.
FDA also approved the Therascreen KRAS RGQ PCR Kit (QIAGEN Manchester, Ltd) concurrent with this cetuximab approval. More Information36. July 9, 2012","https://wayback.archive-it.org/7993/20170111231726/http://www.fda.gov/Drugs/InformationOnDrugs/ApprovedDrugs/ucm310933.htm"
"111","FDA approved pertuzumab injection (PERJETA, Genentech, Inc.) for use in combination with trastuzumab and docetaxel for the treatment of patients with HER2-positive metastatic breast cancer who have not received prior anti-HER2 therapy or chemotherapy for metastatic disease. Pertuzumab is a recombinant humanized monoclonal antibody that targets the extracellular dimerization domain (Subdomain II) of HER2, and thereby blocks ligand-dependent heterodimerization of HER2 with other HER family members, including EGFR, HER3 and HER4. More Information37. June 8, 2012","https://wayback.archive-it.org/7993/20170111231726/http://www.fda.gov/Drugs/InformationOnDrugs/ApprovedDrugs/ucm307592.htm"
"112","FDA approved pazopanib tablets (VOTRIENT, a registered Trademark of GlaxoSmithKline) for the treatment of patients with advanced soft tissue sarcoma (STS) who have received prior chemotherapy. The efficacy of pazopanib for the treatment of patients with adipocytic STS or gastrointestinal stromal tumors (GIST) has not been demonstrated. More Information38. April 26, 2012 ","https://wayback.archive-it.org/7993/20170111231726/http://www.fda.gov/Drugs/InformationOnDrugs/ApprovedDrugs/ucm302090.htm"
"113","FDA granted accelerated approval to everolimus (Afinitor tablets, Novartis) for the treatment of adults with renal angiomyolipoma, associated with tuberous sclerosis complex (TSC), who do not require immediate surgery. More Information39. April 26, 2012","https://wayback.archive-it.org/7993/20170111231726/http://www.fda.gov/Drugs/InformationOnDrugs/ApprovedDrugs/ucm302081.htm"
"114","FDA announced major actions taken to bolster the supply of Doxil (Janssen Research and Development LLC) and preservative-free formulations of methotrexate. In response to the critical shortage of Doxil (doxorubicin hydrochloride liposome injection) effective immediately FDA is exercising its enforcement discretion for the temporary importation and distribution of Sun Pharma Global's Lipodox. More Information40 February 21, 2012","https://wayback.archive-it.org/7993/20170111231726/http://www.fda.gov/Drugs/InformationOnDrugs/ApprovedDrugs/ucm292721.htm"
"115","FDA granted regular approval for imatinib mesylate tablets (Gleevec, Novartis Pharmaceuticals) for the adjuvant treatment of adult patients following complete gross resection of Kit (CD117) positive Gastrointestinal Stromal Tumors (GIST). Accelerated approval for this indication was granted in December 2008. Labeling is also revised to include the results of a randomized trial demonstrating that recurrence-free survival (RFS) and overall survival (OS) were improved by continuing adjuvant imatinib therapy to 36 months. More Information41 (January 31, 2012)","https://wayback.archive-it.org/7993/20170111231726/http://www.fda.gov/Drugs/InformationOnDrugs/ApprovedDrugs/ucm289789.htm"
"116","FDA approved vismodegib (ERIVEDGE Capsule, Genentech, Inc.) for the treatment of adults with metastatic basal cell carcinoma or with locally advanced basal cell carcinoma that has recurred following surgery or who are not candidates for surgery, and who are not candidates for radiation. More Information42 (January 30, 2012)","https://wayback.archive-it.org/7993/20170111231726/http://www.fda.gov/Drugs/InformationOnDrugs/ApprovedDrugs/ucm289571.htm"
"117","FDA approved axitinib tablets (Inlyta, Pfizer, Inc.) for the treatment of advanced renal cell carcinoma after failure of one prior systemic therapy. More Information43 (January 27, 2012)","https://wayback.archive-it.org/7993/20170111231726/http://www.fda.gov/Drugs/InformationOnDrugs/ApprovedDrugs/ucm289439.htm"
"118","FDA approved glucarpidase injection (Voraxaze, BTG International Inc.) for the treatment of toxic plasma methotrexate concentrations (> 1 μmol/L) in patients with delayed methotrexate clearance due to impaired renal function. More Information44 (January 17, 2012)","https://wayback.archive-it.org/7993/20170111231726/http://www.fda.gov/Drugs/InformationOnDrugs/ApprovedDrugs/ucm288016.htm"
"119","FDA has approved changes to the package inserts for methotrexate products for intravenous administration. Additional information has been added to the WARNING section of the Label. More Information45 (December 21, 2011)","https://wayback.archive-it.org/7993/20170111231727/http://www.fda.gov/Drugs/InformationOnDrugs/ApprovedDrugs/ucm284421.htm"
"120","FDA approved changes to the Risk Evaluation and Mitigation Strategies (REMS) for romiplostim (Nplate for subcutaneous injection, Amgen Inc.) and eltrombopag (Promacta tablets, GlaxoSmithKline LLC) to remove the restricted distribution programs and the safety reporting requirements that were part of the REMS. Prescriber, institution, pharmacy, and patient enrollment and these data collection requirements are no longer necessary. More Information46 (December 6, 2011)","https://wayback.archive-it.org/7993/20170111231727/http://www.fda.gov/AboutFDA/CentersOffices/OfficeofMedicalProductsandTobacco/CDER/ucm282519.htm"
"121","FDA approved asparaginase Erwinia chrysanthemi [Erwinaze, injection, EUSA Pharma (USA), Inc.] as a component of a multi-agent chemotherapeutic regimen for the treatment of patients with acute lymphoblastic leukemia (ALL) who have developed hypersensitivity to E. coli-derived asparaginase. More Information47 (November 18, 2011)","https://wayback.archive-it.org/7993/20170111231727/http://www.fda.gov/AboutFDA/CentersOffices/OfficeofMedicalProductsandTobacco/CDER/ucm280543.htm"
"122","FDA approved ruxolitinib (Jakafi oral tablets, Incyte Corporation) for the treatment of intermediate and high risk myelofibrosis, including primary myelofibrosis, post-polycythemia vera myelofibrosis and post-essential thrombocythemia myelofibrosis. Results of two randomized controlled trials in patients with intermediate or high risk myelofibrosis comparing ruxolitinib to placebo (Study 1) or to best available therapy (Study 2) were the basis of approval. More Information48 (November 16, 2011)","https://wayback.archive-it.org/7993/20170111231727/http://www.fda.gov/AboutFDA/CentersOffices/OfficeofMedicalProductsandTobacco/CDER/ucm280155.htm"
"123","FDA approved cetuximab (Erbitux, ImClone LLC, a wholly-owned subsidiary of Eli-Lilly and Company) in combination with platinum-based therapy plus 5-florouracil (5-FU) for the first-line treatment of patients with recurrent locoregional disease and/or metastatic squamous cell carcinoma of the head and neck (SCCHN). More Information49 (November 7, 2011)","https://wayback.archive-it.org/7993/20170111231727/http://www.fda.gov/AboutFDA/CentersOffices/OfficeofMedicalProductsandTobacco/CDER/ucm278957.htm"
"124","FDA granted accelerated approval to deferiprone (Ferriprox Tablets, ApoPharma, Inc.), an oral iron chelator for the treatment of patients with transfusional iron overload due to thalassemia syndromes when current chelation therapy is inadequate. More Information50 (October 14, 2011)","https://wayback.archive-it.org/7993/20170111231727/http://www.fda.gov/AboutFDA/CentersOffices/OfficeofMedicalProductsandTobacco/CDER/ucm275836.htm"
"125","Changes in bevacizumab (Avastin, Genentech, Inc.) package insert regarding: risk of ovarian failure, osteonecrosis of the jaw, risk of venous thromboembolic event (VTE) and bleeding in patients receiving anticoagulation therapy after first VTE event. More Information51 (September 30, 2011)","https://wayback.archive-it.org/7993/20170111231727/http://www.fda.gov/AboutFDA/CentersOffices/OfficeofMedicalProductsandTobacco/CDER/ucm274394.htm"
"126","FDA granted accelerated approval for the use of eculizumab (Soliris, Alexion, Inc.) for the treatment of pediatric and adult patients with atypical hemolytic uremic syndrome (aHUS). More Information52 (September 23, 2011)","https://wayback.archive-it.org/7993/20170111231727/http://www.fda.gov/AboutFDA/CentersOffices/OfficeofMedicalProductsandTobacco/CDER/ucm273089.htm"
"127","FDA granted approval for denosumab (Prolia, Amgen Inc.) as a treatment to increase bone mass in patients at high risk for fracture receiving androgen deprivation therapy (ADT) for nonmetastatic prostate cancer or adjuvant aromatase inhibitor (AI) therapy for breast cancer. In men with nonmetastatic prostate cancer, denosumab also reduced the incidence of vertebral fracture. More Information53 (September 16, 2011)","https://wayback.archive-it.org/7993/20170111231727/http://www.fda.gov/AboutFDA/CentersOffices/OfficeofMedicalProductsandTobacco/CDER/ucm272420.htm"
"128","FDA granted accelerated approval to granted accelerated approval to crizotinib (XALKORI Capsules, Pfizer Inc.) for the treatment of patients with locally advanced or metastatic non-small cell lung cancer (NSCLC) that is anaplastic lymphoma kinase (ALK)-positive as detected by an FDA-approved test. The FDA approved the Vysis ALK Break-Apart FISH Probe Kit (Abbott Molecular, Inc.) concurrently with the crizotinib approval. This companion diagnostic test is designed to detect rearrangements of the anaplastic lymphoma kinase (ALK) gene in NSCLC. More Information54 (August 26, 2011)","https://wayback.archive-it.org/7993/20170111231727/http://www.fda.gov/AboutFDA/CentersOffices/OfficeofMedicalProductsandTobacco/CDER/ucm270058.htm"
"129","FDA granted accelerated approval to brentuximab vedotin (Adcetris for Injection, Seattle Genetics, Inc.) for two indications: (1) treatment of patients with Hodgkin lymphoma after failure of autologous stem cell transplant (ASCT) or after failure of at least two prior multi-agent chemotherapy regimens in patients who are not ASCT candidates and (2) treatment of patients with systemic anaplastic large cell lymphoma (ALCL) after failure of at least one prior multi-agent chemotherapy regimen. More Information55 (August 19, 2011)","https://wayback.archive-it.org/7993/20170111231727/http://www.fda.gov/AboutFDA/CentersOffices/OfficeofMedicalProductsandTobacco/CDER/ucm268969.htm"
"130","FDA approved vemurafenib tablets (ZELBORAF, Hoffmann-La Roche Inc.) for the treatment of patients with unresectable or metastatic melanoma with the BRAFV600E mutation as detected by an FDA-approved test. More Information56 (August 17, 2011) ","https://wayback.archive-it.org/7993/20170111231727/http://www.fda.gov/AboutFDA/CentersOffices/OfficeofMedicalProductsandTobacco/CDER/ucm268301.htm"
"131","FDA approved sunitinib (Sutent Capsules, Pfizer, Inc.) for the treatment of progressive, well-differentiated pancreatic neuroendocrine tumors (pNET) in patients with unresectable, locally advanced, or metastatic disease. More Information57 (May 20, 2011)","https://wayback.archive-it.org/7993/20170111231727/http://www.fda.gov/AboutFDA/CentersOffices/OfficeofMedicalProductsandTobacco/CDER/ucm256499.htm"
"132","FDA approved everolimus (Afinitor Tablets, Novartis Pharmaceuticals Corporation), for the treatment of progressive neuroendocrine tumors of pancreatic origin (PNET) in patients with unresectable, locally advanced or metastatic disease. The safety and effectiveness of everolimus in the treatment of patients with carcinoid tumors have not been established. More Information58 (May 5, 2011)","https://wayback.archive-it.org/7993/20170111231727/http://www.fda.gov/AboutFDA/CentersOffices/OfficeofMedicalProductsandTobacco/CDER/ucm254392.htm"
"133","FDA approved abiraterone acetate (Zytiga Tablets, Centocor Ortho Biotech, Inc.) for use in combination with prednisone for the treatment of patients with metastatic castration-resistant prostate cancer (mCRPC) who have received prior chemotherapy containing docetaxel. More Information59 (April 28, 2011) ","https://wayback.archive-it.org/7993/20170111231727/http://www.fda.gov/AboutFDA/CentersOffices/OfficeofMedicalProductsandTobacco/CDER/ucm253139.htm"
"134","FDA approved vandetanib tablets (Vandetanib Tablets, AstraZeneca Pharmaceuticals LP), a kinase inhibitor, for the treatment of symptomatic or progressive medullary thyroid cancer in patients with unresectable, locally advanced, or metastatic disease. The use of vandetanib in patients with indolent, asymptomatic or slowly progressing disease should be carefully considered because of the treatment-related risks of vandetanib. More Information60 (April 6, 2011)","https://wayback.archive-it.org/7993/20170111231727/http://www.fda.gov/AboutFDA/CentersOffices/OfficeofMedicalProductsandTobacco/CDER/ucm250347.htm"
"135","FDA approved peginterferon alfa-2b (Sylatron, Schering Corporation, Kenilworth, NJ 07033), for the treatment of patients with melanoma with microscopic or gross nodal involvement within 84 days of definitive surgical resection including complete lymphadenectomy. More Information61 (March 29, 2011)","https://wayback.archive-it.org/7993/20170111231727/http://www.fda.gov/AboutFDA/CentersOffices/OfficeofMedicalProductsandTobacco/CDER/ucm249263.htm"
"136","FDA approved ipilimumab injection (YERVOY, Bristol-Myers Squibb Company) for the treatment of unresectable or metastatic melanoma. More Information62. (March 25, 2011)","https://wayback.archive-it.org/7993/20170111231727/http://www.fda.gov/AboutFDA/CentersOffices/OfficeofMedicalProductsandTobacco/CDER/ucm248478.htm"
"137","FDA approved rituximab (Rituxan, Genentech, Inc) for maintenance therapy for patients with previously untreated follicular, CD-20 positive, B-cell non-Hodgkin lymphoma who achieve a response to rituximab in combination with chemotherapy. More Information63 (January 28, 2011)","https://wayback.archive-it.org/7993/20170111231727/http://www.fda.gov/AboutFDA/CentersOffices/OfficeofMedicalProductsandTobacco/CDER/ucm241928.htm"
"138","FDA granted approval for denosumab (Xgeva, Amgen Inc.) for the prevention of skeletal-related events (SREs) in patients with bone metastases from solid tumors. Denosumab is not indicated for the prevention of SREs in patients with multiple myeloma. More Information64 (November 18, 2010)","https://wayback.archive-it.org/7993/20170111231728/http://www.fda.gov/AboutFDA/CentersOffices/OfficeofMedicalProductsandTobacco/CDER/ucm248277.htm"
"139","FDA granted approval for eribulin mesylate (Halaven Injection, Eisai Inc.) for the treatment of patients with metastatic breast cancer who have previously received an anthracycline and a taxane in either the adjuvant or metastatic setting, and at least two chemotherapeutic regimens for the treatment of metastatic disease. More Information65 (November 15, 2010)","https://wayback.archive-it.org/7993/20170111231728/http://www.fda.gov/AboutFDA/CentersOffices/OfficeofMedicalProductsandTobacco/CDER/ucm234527.htm"
"140","This notice is to inform you of important new safety information regarding the already labeled adverse reaction of oligohydramnios (decreased amniotic fluid). Based on post-marketing adverse event reports, cases of oligohydramnios sequence manifesting as pulmonary hypoplasia, skeletal abnormalities, and neonatal death have been reported in the offspring of mothers exposed to trastuzumab (Herceptin, Genentech Incorporated) during pregnancy. More Information66 (November 1, 2010)","https://wayback.archive-it.org/7993/20170111231728/http://www.fda.gov/AboutFDA/CentersOffices/OfficeofMedicalProductsandTobacco/CDER/ucm231970.htm"
"141","FDA granted accelerated approval to everolimus (Afinitor, Novartis), an mTOR inhibitor, for patients with subependymal giant cell astrocytoma (SEGA) associated with tuberous sclerosis (TS) who require therapy but are not candidates for surgical resection. Afinitor was originally approved in March 2009 for the treatment of adult patients with advanced renal cell carcinoma (RCC) whose disease was resistant to sunitinib or sorafenib. More Information67 (October 29, 2010)","https://wayback.archive-it.org/7993/20170111231728/http://www.fda.gov/AboutFDA/CentersOffices/OfficeofMedicalProductsandTobacco/CDER/ucm231967.htm"
"142","FDA granted accelerated approval to dasatinib (Sprycel, Bristol-Myers Squibb), an orally administered kinase inhibitor, for the treatment of newly diagnosed adult patients with Philadelphia chromosome positive chronic myeloid leukemia in chronic phase (CP-CML). The recommended dasatinib dose for this indication is 100 mg orally once daily. Sprycel was originally approved in June 2006 for the treatment of adult patients with CP-CML resistant or intolerant to prior therapy that included imatinib. More Information68 (October 28, 2010)","https://wayback.archive-it.org/7993/20170111231728/http://www.fda.gov/AboutFDA/CentersOffices/OfficeofMedicalProductsandTobacco/CDER/ucm231538.htm"
"143","FDA granted approval for trastuzumab (Herceptin), Genentech, Inc.), in combination with cisplatin and a fluoropyrimidine (capecitabine or 5â€‘fluorouracil), for the treatment of patients with HER2 overexpressing metastatic gastric or gastroesophageal (GE) junction adenocarcinoma, who have not received prior treatment for metastatic disease. More Information69. (October 20, 2010)","https://wayback.archive-it.org/7993/20170111231728/http://www.fda.gov/AboutFDA/CentersOffices/OfficeofMedicalProductsandTobacco/CDER/ucm230418.htm"
"144","This communication is to inform members of the oncology community of recent changes in the measurement of serum creatinine which may have an impact on carboplatin dosing. Based on preliminary communications with the National Cancer Institute/Cancer Therapy Evaluation Program, a potential safety issue with carboplatin dosing has been identified. More Information70 (October 10, 2010).","https://wayback.archive-it.org/7993/20170111231728/http://www.fda.gov/AboutFDA/CentersOffices/OfficeofMedicalProductsandTobacco/CDER/ucm228974.htm"
"145","Pfizer Inc., in agreement with the FDA, announced that the commercial marketing of Mylotarg (gemtuzumab ozogamicin) will be voluntarily discontinued, and the new drug application (NDA) for Mylotarg will be withdrawn as of October 15, 2010. More Information71 (June 21, 2010)","https://wayback.archive-it.org/7993/20170111231728/http://www.fda.gov/AboutFDA/CentersOffices/OfficeofMedicalProductsandTobacco/CDER/ucm216790.htm"
"146","FDA granted accelerated approval to nilotinib (Tasigna Capsules, Novartis Pharmaceuticals Corporation), an orally administered kinase inhibitor, for the treatment of adult patients with newly diagnosed Philadelphia chromosome positive chronic myeloid leukemia (Ph+ CML) in chronic phase (CP-CML). More information72 (June 17, 2010)","https://wayback.archive-it.org/7993/20170111231728/http://www.fda.gov/AboutFDA/CentersOffices/OfficeofMedicalProductsandTobacco/CDER/ucm216218.htm"
"147","FDA approved cabazitaxel (Jevtana Injection, sanofi-aventis) for use in combination with prednisone for treatment of patients with metastatic hormone-refractory prostate cancer (mHRPC) previously treated with a docetaxel-containing regimen. More Information73 (June 17, 2010)","https://wayback.archive-it.org/7993/20170111231728/http://www.fda.gov/AboutFDA/CentersOffices/OfficeofMedicalProductsandTobacco/CDER/ucm216214.htm"
"148","FDA approved hexaminolevulinate hydrochloride (Cysview for Intravesical Solution, Photocure ASA), as an optical imaging agent for use in combination with the Karl Storz Photodynamic Diagnostic D-Light C (PDD) System for cystoscopic detection of non-muscle invasive papillary cancer of the bladder for patients suspected or known to have lesion(s) on the basis of a prior cystoscopy. More Information74 (May 28, 2010)","https://wayback.archive-it.org/7993/20170111231728/http://www.fda.gov/AboutFDA/CentersOffices/OfficeofMedicalProductsandTobacco/CDER/ucm215515.htm"
"149","FDA approved erlotinib (Tarceva) tablets for maintenance treatment of patients with locally advanced or metastatic non-small cell lung cancer (NSCLC) whose disease has not progressed after four cycles of platinum-based first-line chemotherapy. More Information75 (April 16, 2010)","https://wayback.archive-it.org/7993/20170111231728/http://www.fda.gov/AboutFDA/CentersOffices/OfficeofMedicalProductsandTobacco/CDER/ucm209058.htm"
"150","FDA has been informed by Lundbeck, Inc., the sole worldwide manufacturer of Mustargen (mechlorethamine HCl for injection), that there will be an extended supply shortage of this drug. More Information76 (April 9, 2010)","https://wayback.archive-it.org/7993/20170111231728/http://www.fda.gov/AboutFDA/CentersOffices/OfficeofMedicalProductsandTobacco/CDER/ucm208079.htm"
"151","FDA granted approval to rituximab (Rituxan, Genentech), in combination with fludarabine and cyclophosphamide (FC), for the treatment of previously untreated and previously treated patients with chronic lymphocytic leukemia (CLL). More Information77 (February 18, 2010)","https://wayback.archive-it.org/7993/20170111231728/http://www.fda.gov/AboutFDA/CentersOffices/OfficeofMedicalProductsandTobacco/CDER/ucm201392.htm"
"152","FDA approved a risk evaluation and mitigation strategy (REMS) to ensure the safe use of Erythropoiesis-Stimulating Agents (ESAs). The medications included in the program are marketed by Amgen under the names Aranesp (darbepoetin alfa) and Epogen (epoetin alfa) and by Centocor Ortho Biotech Products under the name Procrit (epoetin alfa). FDA required Amgen, the manufacturer of these products, to develop the REMS based on studies demonstrating that use of ESAs can increase the risk of tumor growth and shorten survival in patients with cancer. More Information78 (February 16, 2010)","https://wayback.archive-it.org/7993/20170111231728/http://www.fda.gov/AboutFDA/CentersOffices/OfficeofMedicalProductsandTobacco/CDER/ucm200847.htm"
"153","FDA granted accelerated approval to Tykerb (lapatinib) tablets for use in combination with letrozole tablets for the treatment of postmenopausal women with hormone receptor positive metastatic breast cancer that overexpresses the HER2 receptor for whom hormonal therapy is indicated. More Information79 (January 29, 2010)","https://wayback.archive-it.org/7993/20170111231728/http://www.fda.gov/AboutFDA/CentersOffices/OfficeofMedicalProductsandTobacco/CDER/ucm203522.htm"
"154","FDA granted approval to romidepsin for injection (ISTODAX, Gloucester Pharmaceuticals Inc.) for the treatment of cutaneous T-cell lymphoma (CTCL) in patients who have received at least one prior systemic therapy. More Information (November 6, 2009)","https://wayback.archive-it.org/7993/20170111231729/http%3A//www.fda.gov/AboutFDA/CentersOffices/OfficeofMedicalProductsandTobacco/CDER/ucm189466.htm"
"155","FDA granted accelerated approval to ofatumumab (Arzerra, GlaxoSmithKline) for the treatment of patients with chronic lymphocytic leukemia (CLL) refractory to fludarabine and alemtuzumab. More Information (October 26, 2009)","https://wayback.archive-it.org/7993/20170111231729/http%3A//www.fda.gov/AboutFDA/CentersOffices/OfficeofMedicalProductsandTobacco/CDER/ucm188221.htm"
"156","FDA granted approval to pazopanib tablets (VOTRIENTTM, GlaxoSmithKline) for the treatment of patients with advanced renal cell carcinoma. More Information (October 19, 2009)","https://wayback.archive-it.org/7993/20170111231729/http%3A//www.fda.gov/AboutFDA/CentersOffices/OfficeofMedicalProductsandTobacco/CDER/ucm187509.htm"
"157","FDA granted accelerated approval to pralatrexate injection (FOLOTYN, Allos Therapeutics, Inc.) for the treatment of patients with relapsed or refractory peripheral T-cell lymphoma (PTCL). More Information (September 24, 2009)","https://wayback.archive-it.org/7993/20170111231729/http%3A//www.fda.gov/AboutFDA/CentersOffices/OfficeofMedicalProductsandTobacco/CDER/ucm183855.htm"
"158","FDA granted approval for the use of bevacizumab (Avastin, Genentech, Inc.) in combination with interferon alfa for the treatment of patients with metastatic renal cell carcinoma. More Information (July 31, 2009)","https://wayback.archive-it.org/7993/20170111231729/http%3A//www.fda.gov/AboutFDA/CentersOffices/OfficeofMedicalProductsandTobacco/CDER/ucm176025.htm"
"159","FDA implemented Class Labeling Changes to anti-EGFR monoclonal antibodies, cetuximab (Erbitux) and panitumumab (Vectibix): KRAS Mutations changes were made to the product labels of cetuximab (Erbitux ImClone Systems, Branchburg, NJ) and panitumumab (Vectibix Amgen, Thousand Oaks, CA). More Information (July 17, 2009) ","https://wayback.archive-it.org/7993/20170111231729/http%3A//www.fda.gov/AboutFDA/CentersOffices/OfficeofMedicalProductsandTobacco/CDER/ucm172905.htm"
"160","FDA approved pemetrexed (Alimta) for maintenance treatment of locally advanced or metastatic nonsquamous non-small cell lung cancer patients with no disease progression after four cycles of platinum-based first-line chemotherapy. More Information (July 2, 2009)","https://wayback.archive-it.org/7993/20170111231729/http%3A//www.fda.gov/AboutFDA/CentersOffices/OfficeofMedicalProductsandTobacco/CDER/ucm170660.htm"
"161","FDA approves ferumoxytol (Feraheme Injection, AMAG Pharmaceuticals, Inc.) for the treatment of iron deficiency anemia in adult patients with chronic kidney disease (CKD). Ferumoxytol is an iron-containing product for intravenous (IV) administration. More Information (June 30, 2009)","https://wayback.archive-it.org/7993/20170111231729/http%3A//www.fda.gov/AboutFDA/CentersOffices/OfficeofMedicalProductsandTobacco/CDER/ucm170316.htm"
"162","FDA granted accelerated approval to bevacizumab injection (Avastin, Genentech, Inc.) as a single agent for patients with glioblastoma, with progressive disease following prior therapy. More Information (May 5, 2009)","https://wayback.archive-it.org/7993/20170111231729/http%3A//www.fda.gov/AboutFDA/CentersOffices/OfficeofMedicalProductsandTobacco/CDER/ucm149364.htm"
"163","FDA approves everolimus tablets (AFINITOR, Novartis) for treatment of patients with advanced renal cell carcinoma after failure of treatment with sunitinib or sorafenib More Information (March 31, 2009)","https://wayback.archive-it.org/7993/20170111231729/http%3A//www.fda.gov/AboutFDA/CentersOffices/OfficeofMedicalProductsandTobacco/CDER/ucm127799.htm"
"164","FDA approved degarelix for injection (Ferring Pharmaceuticals Inc., Parsippany, NJ), a new gonadotropin releasing hormone (GnRH) receptor antagonist, for the treatment of patients with advanced prostate cancer. More Information (December 24, 2008) ","https://wayback.archive-it.org/7993/20170111231729/http%3A//www.fda.gov/AboutFDA/CentersOffices/OfficeofMedicalProductsandTobacco/CDER/ucm129207.htm"
"165","FDA approved imatinib mesylate tablets for oral use (Gleevec, Novartis Pharmaceuticals) for the adjuvant treatment of adult patients following complete gross resection of Kit (CD117) positive Gastrointestinal Stromal Tumor (GIST). More Information (December 19, 2008) ","https://wayback.archive-it.org/7993/20170111231729/http%3A//www.fda.gov/AboutFDA/CentersOffices/OfficeofMedicalProductsandTobacco/CDER/ucm129210.htm"
"166","FDA approved plerixafor, solution for subcutaneous injection, (Mozobil, Genzyme Corp.) for use in combination with granulocyte-colony stimulating factor (G-CSF) to mobilize hematopoietic stem cells to the peripheral blood for collection and subsequent autologous transplantation in patients with non-Hodgkin’s lymphoma (NHL) and multiple myeloma (MM). More Information (December 15, 2008) ","https://wayback.archive-it.org/7993/20170111231729/http%3A//www.fda.gov/AboutFDA/CentersOffices/OfficeofMedicalProductsandTobacco/CDER/ucm129212.htm"
"167","FDA granted accelerated approval for eltrombopag tablets (Promacta, GlaxoSmithKline Inc.) for the treatment of thrombocytopenia in patients with chronic immune (idiopathic) thrombocytopenic purpura (ITP) More Information (November 20) ","https://wayback.archive-it.org/7993/20170111231729/http%3A//www.fda.gov/AboutFDA/CentersOffices/OfficeofMedicalProductsandTobacco/CDER/ucm129214.htm"
"168","FDA approved bendamustine hydrochloride (TREANDA, Cephalon, Inc.), for the treatment of patients with indolent B-cell non-Hodgkin’s lymphoma (NHL) More Information (October 31) ","https://wayback.archive-it.org/7993/20170111231729/http%3A//www.fda.gov/AboutFDA/CentersOffices/OfficeofMedicalProductsandTobacco/CDER/ucm129215.htm"
"169","FDA converted the approval of Denileukin diftitox (Ontak, Eisai Medical Research) solution for intravenous use for the treatment of persistent or recurrent CD-25 positive cutaneous T-cell lymphoma. More information (October 15) ","https://wayback.archive-it.org/7993/20170111231729/http%3A//www.fda.gov/AboutFDA/CentersOffices/OfficeofMedicalProductsandTobacco/CDER/ucm129218.htm"
"170","FDA approves Alimta Injection for Treatment of Metastatic Non-Aquamous Non-Small Cell Lung Cancer (NSCLC).
More information (October 2) ","https://wayback.archive-it.org/7993/20170111231729/http%3A//www.fda.gov/AboutFDA/CentersOffices/OfficeofMedicalProductsandTobacco/CDER/ucm129220.htm"
"171","FDA approves iobenguane I 123 injection for the detection of primary or metastatic pheochromocytoma or neuroblastoma.
More information (September 19) ","https://wayback.archive-it.org/7993/20170111231729/http%3A//www.fda.gov/AboutFDA/CentersOffices/OfficeofMedicalProductsandTobacco/CDER/ucm129222.htm"
"172","FDA approves romiplostim (Nplate) for the treatment of thrombocytopenia. More information (August 22) ","https://wayback.archive-it.org/7993/20170111231729/http%3A//www.fda.gov/AboutFDA/CentersOffices/OfficeofMedicalProductsandTobacco/CDER/ucm129224.htm"
"173","Velcade (bortezomib) is approved for initial treatment of Patients with Multiple Myeloma. More information (June 23) ","https://wayback.archive-it.org/7993/20170111231729/http%3A//www.fda.gov/AboutFDA/CentersOffices/OfficeofMedicalProductsandTobacco/CDER/ucm094633.htm"
"174","FDA approves bendamustine hydochloride (Treanda) for the treatment of patients with chronic lymphocytic leukemia (CLL). More information (March 20) ","https://wayback.archive-it.org/7993/20170111231729/http%3A//www.fda.gov/AboutFDA/CentersOffices/OfficeofMedicalProductsandTobacco/CDER/ucm129227.htm"
"175","Bevacizumab (Avastin) was granted accelerated approval for use in combination with paclitaxel for the treatment of patients who have not received chemotherapy for metastatic HER2 negative breast cancer. More information (Feb. 22)","https://wayback.archive-it.org/7993/20170111231729/http%3A//www.fda.gov/AboutFDA/CentersOffices/OfficeofMedicalProductsandTobacco/CDER/ucm129230.htm"
"176","FDA approves sorafenib (Nexavar) for the treatment of unresectable hepatocellular carcinoma. More information (Nov. 19)","https://wayback.archive-it.org/7993/20170111231729/http%3A//www.fda.gov/AboutFDA/CentersOffices/OfficeofMedicalProductsandTobacco/CDER/ucm129234.htm"
"177","FDA grants accelerated approval of a new dosing regimen of Dasatinib (Sprycel) More information (Nov. 8)","https://wayback.archive-it.org/7993/20170111231729/http%3A//www.fda.gov/AboutFDA/CentersOffices/OfficeofMedicalProductsandTobacco/CDER/ucm129236.htm"
"178","FDA approves safety-related product labeling changes for the erythropoiesis-stimulating agents Epogen, Procrit, and Aranesp. (Nov. 8) More information","https://wayback.archive-it.org/7993/20170111231729/http%3A//www.fda.gov/AboutFDA/CentersOffices/OfficeofMedicalProductsandTobacco/CDER/ucm129237.htm"
"179","FDA grants accelerated approval to nilotinib (Tasigna) to treat leukemia. More information (Oct. 30)","https://wayback.archive-it.org/7993/20170111231729/http%3A//www.fda.gov/AboutFDA/CentersOffices/OfficeofMedicalProductsandTobacco/CDER/ucm129238.htm"
"180","FDA approves ixabepilone for injection (Ixempra) for two indications. More information (Oct. 16) ","https://wayback.archive-it.org/7993/20170111231729/http%3A//www.fda.gov/AboutFDA/CentersOffices/OfficeofMedicalProductsandTobacco/CDER/ucm129240.htm"
"181","FDA expands labeling for cetuximab (marketed as Erbitux). More information (Oct. 2) ","https://wayback.archive-it.org/7993/20170111231729/http%3A//www.fda.gov/AboutFDA/CentersOffices/OfficeofMedicalProductsandTobacco/CDER/ucm129241.htm"
"182","FDA approves new uses for docetaxel (Taxotere). More information (Sep. 28) ","https://wayback.archive-it.org/7993/20170111231729/http%3A//www.fda.gov/AboutFDA/CentersOffices/OfficeofMedicalProductsandTobacco/CDER/ucm129242.htm"
"183","FDA approves new uses for raloxifene hydrochloride (Evista). More information (Sept. 13) ","https://wayback.archive-it.org/7993/20170111231729/http%3A//www.fda.gov/AboutFDA/CentersOffices/OfficeofMedicalProductsandTobacco/CDER/ucm129243.htm"
"184","Dexrazoxane hydrochloride (Totect) was approved for the treatment of anthracycline extravasation. More information (Sept. 6) ","https://wayback.archive-it.org/7993/20170111231729/http%3A//www.fda.gov/AboutFDA/CentersOffices/OfficeofMedicalProductsandTobacco/CDER/ucm129245.htm"
"185","Temsirolimus (Torisel) was approved for the treatment of advanced renal cell carcinoma. More information (May 30) ","https://wayback.archive-it.org/7993/20170111231729/http%3A//www.fda.gov/AboutFDA/CentersOffices/OfficeofMedicalProductsandTobacco/CDER/ucm129247.htm"
"186","Doxorubicin HCl liposome injection (Doxil) was approved for use in combination with bortezomib in patients with multiple myeloma. More information (May 17) ","https://wayback.archive-it.org/7993/20170111231729/http%3A//www.fda.gov/AboutFDA/CentersOffices/OfficeofMedicalProductsandTobacco/CDER/ucm129249.htm"
"187","A new indication for dalteparin sodium injection (Fragmin) was approved. More information (May 1) ","https://wayback.archive-it.org/7993/20170111231729/http%3A//www.fda.gov/AboutFDA/CentersOffices/OfficeofMedicalProductsandTobacco/CDER/ucm129250.htm"
"188","Eculizumab injection (Soliris) was approved for the treatment of paroxysmal nocturnal hemoglobinuria. More information (March 16) ","https://wayback.archive-it.org/7993/20170111231729/http%3A//www.fda.gov/AboutFDA/CentersOffices/OfficeofMedicalProductsandTobacco/CDER/ucm129251.htm"
"189","Lapatinib tablets (Tykerb) was approved for advanced metastatic breast cancer patients. More information (March 13) ","https://wayback.archive-it.org/7993/20170111231729/http%3A//www.fda.gov/AboutFDA/CentersOffices/OfficeofMedicalProductsandTobacco/CDER/ucm129252.htm"
"190","FDA approved labeling changes for erythropoiesis-stimulating agents (ESAs) epoetin alfa (marketed as Procrit, Epogen), darbepoetin alfa (marketed as Aranesp) More information (March 9) ","https://wayback.archive-it.org/7993/20170111231729/http%3A//www.fda.gov/AboutFDA/CentersOffices/OfficeofMedicalProductsandTobacco/CDER/ucm129253.htm"
"191","FDA was notified of the results from a multicenter, double-blind, randomized, placebo-controlled study of darbepoetin alfa (Aranesp) More information (Feb. 22) ","https://wayback.archive-it.org/7993/20170111231729/http%3A//www.fda.gov/AboutFDA/CentersOffices/OfficeofMedicalProductsandTobacco/CDER/ucm129254.htm"
"192","FDA converted approval from accelerated to regular for sunitinib malate (Sutent) for the treatment of advanced renal cell carcinoma. More information (Feb. 2)","https://wayback.archive-it.org/7993/20170111231729/http%3A//www.fda.gov/AboutFDA/CentersOffices/OfficeofMedicalProductsandTobacco/CDER/ucm129255.htm"
"193","On December 8, FDA granted approval to bortezomib (Velcade), a proteasome inhibitor, for the treatment of patients with mantle cell lymphoma who have received at least one prior therapy. More information ","https://wayback.archive-it.org/7993/20170111231729/http%3A//www.fda.gov/AboutFDA/CentersOffices/OfficeofMedicalProductsandTobacco/CDER/ucm094929.htm"
"194","On November 16, FDA approved the expanded use of trastuzumab (Herceptin) for early stage breast cancer after primary therapy. More information ","https://wayback.archive-it.org/7993/20170111231729/http%3A//www.fda.gov/AboutFDA/CentersOffices/OfficeofMedicalProductsandTobacco/CDER/ucm094934.htm"
"195","On October 19, FDA approved imatinib mesylate (Gleevec) as a single agent for the treatment of multiple indications. More information ","https://wayback.archive-it.org/7993/20170111231729/http%3A//www.fda.gov/AboutFDA/CentersOffices/OfficeofMedicalProductsandTobacco/CDER/ucm094941.htm"
"196","On October 17, FDA approved docetaxel (Taxotere) for use in combination with cisplatin and fluorouracil for the induction treatment of patients with inoperable, locally advanced squamous cell carcinoma of the head and neck. More information ","https://wayback.archive-it.org/7993/20170111231729/http%3A//www.fda.gov/AboutFDA/CentersOffices/OfficeofMedicalProductsandTobacco/CDER/ucm094945.htm"
"197","On October 11, FDA approved bevacizumab (Avastin) as a first-line treatment of patients with locally advanced, metastatic or recurrent non-small cell lung cancer in combination with platinum-based chemotherapy. More information ","https://wayback.archive-it.org/7993/20170111231729/http%3A//www.fda.gov/AboutFDA/CentersOffices/OfficeofMedicalProductsandTobacco/CDER/ucm094950.htm"
"198","On October 6, FDA granted approval to vorinostat (Zolinza), a histone deacetylase inhibitor, for the treatment of cutaneous manifestations of cutaneous T-cell lymphoma (CTCL) in patients with progressive, persistent, or recurrent disease on or following two systemic therapies. More information ","https://wayback.archive-it.org/7993/20170111231729/http%3A//www.fda.gov/AboutFDA/CentersOffices/OfficeofMedicalProductsandTobacco/CDER/ucm094952.htm"
"199","On September 29, FDA approved two rituximab (Rituxan) supplemental applications for the first-line treatment of patients with low grade or follicular, CD20-positive B-cell non-Hodgkin’s lymphoma. More information","https://wayback.archive-it.org/7993/20170111231729/http%3A//www.fda.gov/AboutFDA/CentersOffices/OfficeofMedicalProductsandTobacco/CDER/ucm094954.htm"
"200","On September 27, FDA approved imatinib mesylate (Gleevec) as a single agent for the treatment of pediatric patients with newly diagnosed Philadelphia chromosome positive chronic myelogenous leukemia (Ph+ CML). More information ","https://wayback.archive-it.org/7993/20170111231729/http%3A//www.fda.gov/AboutFDA/CentersOffices/OfficeofMedicalProductsandTobacco/CDER/ucm094956.htm"
"201","On September 27, FDA approved panitumumab (vectibix) to treat metastatic colorectal carcinoma. More Information. More information ","https://wayback.archive-it.org/7993/20170111231729/http%3A//www.fda.gov/AboutFDA/CentersOffices/OfficeofMedicalProductsandTobacco/CDER/ucm094959.htm"
"202","On September 21, FDA approved changed in the Avastin package insert regarding warning and dose and administration for Reversible Posterior Leukoencephalopathy Syndrome. Nasal septum perforation was also added as a serious adverse event. More information ","https://wayback.archive-it.org/7993/20170111231729/http%3A//www.fda.gov/AboutFDA/CentersOffices/OfficeofMedicalProductsandTobacco/CDER/ucm094961.htm"
"203","On September 13, FDA approved changes to the product labeling for oprelvekin (Neumega) to include new warnings on ophthalmologic and ventricular arrhythmias adverse events. More information","https://wayback.archive-it.org/7993/20170111231729/http%3A//www.fda.gov/AboutFDA/CentersOffices/OfficeofMedicalProductsandTobacco/CDER/ucm094963.htm"
"204","On July 24, FDA approved pegaspargase (Oncaspar, Enzon Pharmaceuticals, Inc) for the first-line treatment of patients with acute lymphoblastic leukemia. More information ","https://wayback.archive-it.org/7993/20170111231729/http%3A//www.fda.gov/AboutFDA/CentersOffices/OfficeofMedicalProductsandTobacco/CDER/ucm095609.htm"
"205","On July 14, FDA approved gemcitabine (Gemzar) in combination with carboplatin for the treatment of patients with advanced ovarian cancer that has relapsed at least 6 months after completion of platinum based therapy. More information ","https://wayback.archive-it.org/7993/20170111231729/http%3A//www.fda.gov/AboutFDA/CentersOffices/OfficeofMedicalProductsandTobacco/CDER/ucm095615.htm"
"206","On June 29, FDA approved lenalidomide oral capsules (Revlimid), Celgene Corporation) for use in combination with dexamethasone in patients with multiple myeloma who have received one prior therapy. More information ","https://wayback.archive-it.org/7993/20170111231729/http%3A//www.fda.gov/AboutFDA/CentersOffices/OfficeofMedicalProductsandTobacco/CDER/ucm095626.htm"
"207","On June 28, FDA approved dasatinib (Sprycel) for use in the treatment of adults with chronic phase, accelerated phase, or myeloid or lymphoid blast phase chronic myeloid leukemia. More information ","https://wayback.archive-it.org/7993/20170111231729/http%3A//www.fda.gov/AboutFDA/CentersOffices/OfficeofMedicalProductsandTobacco/CDER/ucm095630.htm"
"208","On June 20, FDA approved the labeling extension for bevacizumab (Avastin) for second-line treatment of metastatic carcinoma of the colon or rectum. More information ","https://wayback.archive-it.org/7993/20170111231729/http%3A//www.fda.gov/AboutFDA/CentersOffices/OfficeofMedicalProductsandTobacco/CDER/ucm095634.htm"
"209","On June 14, FDA approved topotecan hydrochloride (Hycamtin) in combination with cisplatin for the treatment of Stage IVB recurrent or persistent carcinoma of the cervix. More information ","https://wayback.archive-it.org/7993/20170111231729/http%3A//www.fda.gov/AboutFDA/CentersOffices/OfficeofMedicalProductsandTobacco/CDER/ucm095638.htm"
"210","Dr. Robert Justice Selected as the Director of the Division of Drug Oncology Products. More Information ","https://wayback.archive-it.org/7993/20170111231729/http%3A/www.fda.gov/Drugs/InformationOnDrugs/ApprovedDrugs/ssLINK/ucm095641.htm"
"211","On June 8, FDA licensed Quadrivalent Human Papillomavirus (Types 6, 11, 16, 18) Recombinant Vaccine (Gardasil) for the prevention of cervical cancer and other diseases in females caused by Human Papillomavirus. More information","https://wayback.archive-it.org/7993/20170111231729/http%3A//www.fda.gov/AboutFDA/CentersOffices/OfficeofMedicalProductsandTobacco/CDER/ucm095647.htm"
"212","On May 26, FDA granted accelerated approval for thalidomide (Thalomid) in combination with dexamethasone for the treatment of newly diagnosed multiple myeloma (MM) patients. More Information ","https://wayback.archive-it.org/7993/20170111231729/http%3A//www.fda.gov/AboutFDA/CentersOffices/OfficeofMedicalProductsandTobacco/CDER/ucm095651.htm"
"213","On May 2, FDA approved decitabine for injection (Dacogen) for the treatment of patients with myelodysplastic syndromes (MDS). More Information ","https://wayback.archive-it.org/7993/20170111231729/http%3A//www.fda.gov/AboutFDA/CentersOffices/OfficeofMedicalProductsandTobacco/CDER/ucm095652.htm"
"214","On March 3, the Division of Biologic Oncology Products in FDA's Office of Oncology Drug Products (OODP) approved changes to the product labeling for denileukin diftitox (Ontak) to include a new warning on ophthalmologic adverse events. More information ","https://wayback.archive-it.org/7993/20170111231729/http%3A//www.fda.gov/AboutFDA/CentersOffices/OfficeofMedicalProductsandTobacco/CDER/ucm095661.htm"
"215","On March 1, FDA granted approval to cetuximab (Erbitux) for use in combination with radiation therapy (RT) for the treatment of locally or regionally advanced squamous cell carcinoma of the head and neck (SCCHN) or as a single agent for the treatment of patients with recurrent or metastatic SCCHN for whom prior platinum-based therapy has failed. More information ","https://wayback.archive-it.org/7993/20170111231729/http%3A//www.fda.gov/AboutFDA/CentersOffices/OfficeofMedicalProductsandTobacco/CDER/ucm095662.htm"
"216","On February 10, FDA granted approval to rituximab (Rituxan) for use in the first‑line treatment of patients with diffuse large B-cell, CD20‑positive, non-Hodgkin's lymphoma in combination with CHOP or other anthracycline‑based chemotherapy regimens. More information ","https://wayback.archive-it.org/7993/20170111231729/http%3A//www.fda.gov/AboutFDA/CentersOffices/OfficeofMedicalProductsandTobacco/CDER/ucm095666.htm"
