"","nct_id","name","FDA_Approved","title","description","full_text","url"
"1","NCT00090051","Chronic Lymphocytic Leukemia",TRUE,NA,"FDA granted approval to rituximab (Rituxan, Genentech), in combination with fludarabine and cyclophosphamide (FC), for the treatment of previously untreated and previously treated patients with chronic lymphocytic leukemia (CLL). More Information77 (February 18, 2010)","Rituximab
Share
Tweet
Linkedin
Pin it
More sharing options
Linkedin
Pin it
Email
Print

On February 18, 2010, the U.S. Food and Drug Administration granted approval to rituximab (Rituxan, Genentech), in combination with fludarabine and cyclophosphamide (FC), for the treatment of previously untreated and previously treated patients with chronic lymphocytic leukemia (CLL). The approval was based on a clinically meaningful and statistically significant increase in progression-free survival (PFS) observed in two randomized multicenter open-label trials in patients randomized to receive either FC or the combination of FC with rituximab (R-FC).

In both studies patients received intravenous (i.v.) fludarabine 25 mg/m2/day and cyclophosphamide 250 mg/m2/day, daily for 3 days, repeated every 28 days for a total of 6 cycles. Rituximab 375 mg/m2 by i.v. infusion was administered on day 1 of the first cycle (the day before chemotherapy) and 500 mg/m2 i.v. on day 1 of subsequent cycles (on the same day as chemotherapy). The primary efficacy outcome was PFS, defined as the time from randomization to either disease progression, relapse, or death. Secondary endpoints included overall survival (OS) and overall response rates determined by the 1996 National Cancer Institute-sponsored Working Group Guidelines. 

Study ML17102, also known as CLL8, was conducted by the German CLL Study Group and enrolled treatment-naïve patients. A total of 408 patients were randomized to the R-FC arm and 409 patients to the FC arm. The median age was 61 years (30% were ≥ 65 years old), 74% were male, 31% were Binet stage C, 45% had B symptoms, and more than 99% had ECOG performance status (PS) 0-1.

The primary efficacy endpoint was PFS as determined by the investigators. The median PFS were 39.8 months and 31.5 months in the R-FC and FC arms, respectively [HR 0.56 (95% CI: 0.43, 0.71), p <0.01, log rank test]. Overall response rates were 86% (95% CI 82, 89) in the R-FC arm and 73% (95% CI 68, 77) in the FC arm.

Study BO17072, also known as REACH, conducted by Roche and Biogen Idec, enrolled 552 patients with relapsed or refractory CLL following prior systemic therapy. Patients were randomized to receive either R-FC (n=276) or FC (n=276). The median age was 62 years old (44% ≥65 years old), and 67% were male. Eighty-two percent received a prior alkylator-containing regimen and 18% received a fludarabine-containing regimen. “B” symptoms were present in 28% and 100% were ECOG PS 0-1.

The median PFS was 26.7 versus 21.7 months for the R-FC and FC arms, respectively, as determined by an independent review committee [HR 0.76 (95% CI: 0.60, 0.96), p= 0.022, log-rank test]. Overall response rates were 54% (95% CI: 48, 60) in the R-FC arm and 45% (95% CI: 37, 51) in the FC arm. 

Too few events occurred at the time of regulatory submission to conduct a meaningful analysis of OS in either study. Follow-up of patients for OS is ongoing. 

Across both studies, 100 patients who received R-FC and 89 patients who received FC were ≥70 years old. The results of exploratory analyses in this elderly population did not suggest a treatment benefit for the addition of Rituxan to FC in either the previously untreated [HR 1.17 (95% CI: 0.51, 2.66)] or previously treated settings [HR 1.22 (95% CI: 0.73, 2.04)].

The safety of rituximab when combined with FC was assessed in 676 patients who received the R-FC regimen. In both studies, 71% received 6 cycles and 90% received at least 3 cycles of Rituxan-based therapy. Grade 3-4 infusion reactions occurred in 7-9% of R-FC treated patients. The following Grade 3-4 adverse events were more frequently observed in the R-FC arm compared to FC arm alone: neutropenia, febrile neutropenia, leukopenia thrombocytopenia, hypotension, hepatitis B, and pancytopenia.

Rituxan is approved as a single agent for the treatment of relapsed or refractory low-grade or follicular CD-20 positive non-Hodgkin’s lymphoma (NHL) and for the treatment of patients with non-progressing low-grade CD-20 positive NHL following first-line CVP chemotherapy, or in conduction with CVP for first-line treatment of previously untreated CD20, B-cell follicular NHL and in combination with CHOP or other anthracycline-based chemotherapy regimens for the treatment of previously untreated diffuse, large B-cell CD20 positive NHL.

Serious adverse reactions of Rituxan include fatal infusion reactions, tumor lysis syndrome, severe mucocutaneous reactions, and progressive multifocal leukoencephalopathy (PML). Adverse reactions occurring in more than 25% of Rituxan-treatment patients with lymphoid malignancies are infusion reactions, fever, lymphopenia, chills, infection, and asthenia.

Full prescribing information, including clinical trial information, safety, dosing, drug-drug interactions and contraindications is available at: http://www.accessdata.fda.gov/drugsatfda_docs/label/2010/103705s5311lbl.pdf

Healthcare professionals should report all serious adverse events suspected to be associated with the use of any medicine and device to FDA’s MedWatch Reporting System by completing a form online at http://www.fda.gov/medwatch/report.htm, by faxing (1-800-FDA-0178) or mailing the postage-paid address form provided online, or by telephone (1-800-FDA-1088).","https://wayback.archive-it.org/7993/20170111231728/http://www.fda.gov/AboutFDA/CentersOffices/OfficeofMedicalProductsandTobacco/CDER/ucm201392.htm"
"2","NCT00540995","Adult Acute Myeloid Leukemia in Remission; Adult Acute Myeloid Leukemia With 11q23 (MLL) Abnormalities; Adult Acute Myeloid Leukemia With Del(5q); Adult Acute Myeloid Leukemia With Inv(16)(p13;q22); Adult Acute Myeloid Leukemia With t(15;17)(q22;q12); Adult Acute Myeloid Leukemia With t(16;16)(p13;q22); Adult Acute Myeloid Leukemia With t(8;21)(q22;q22); Childhood Acute Myeloid Leukemia in Remission; Recurrent Adult Acute Myeloid Leukemia; Recurrent Childhood Acute Myeloid Leukemia",FALSE,NA,NA,NA,NA
"3","NCT00593645","Acute Myeloid Leukemia",FALSE,NA,NA,NA,NA
"4","NCT00927498","Acute Myeloid Leukemia",TRUE,NA,"FDA approved gemtuzumab ozogamicin (Mylotarg, Pfizer Inc.) for the treatment of newly-diagnosed CD33-positive acute myeloid leukemia (AML) in adults and for treatment of relapsed or refractory CD33-positive AML in adults and in pediatric patients 2 years and older. Gemtuzumab ozogamicin may be used in combination with daunorubicin and cytarabine for adults with newly-diagnosed AML, or as a stand-alone treatment for certain adult and pediatric patients. More Information. September 1, 2017","FDA Approves Gemtuzumab Ozogamicin for CD33-positive AML
Share
Tweet
Linkedin
Email
Print

On September 1, 2017, the U.S. Food and Drug Administration approved gemtuzumab ozogamicin (Mylotarg, Pfizer Inc.) for the treatment of newly-diagnosed CD33-positive acute myeloid leukemia (AML) in adults and for treatment of relapsed or refractory CD33-positive AML in adults and in pediatric patients 2 years and older. Gemtuzumab ozogamicin may be used in combination with daunorubicin and cytarabine for adults with newly-diagnosed AML, or as a stand-alone treatment for certain adult and pediatric patients.

Approval of gemtuzumab ozogamicin in combination with chemotherapy for adults was based on ALFA-0701 (NCT00927498), a multicenter, randomized, open-label phase 3 study of 271 patients with newly-diagnosed, de novo AML aged 50 to 70 years. Patients were randomized (1:1) to receive induction therapy consisting of daunorubicin (60 mg/m2 on days 1 to 3) and cytarabine (200 mg/m2 on days 1 to 7) with (n=135) or without (n=136) gemtuzumab ozogamicin 3 mg/m2 (up to maximum of one vial) on days 1, 4, and 7. Using the per protocol definition of event-free survival (EFS), estimated median EFS was 17.3 months for patients receiving gemtuzumab ozogamicin vs. 9.5 months for those receiving chemotherapy alone, with hazard ratio of 0.56 (95% CI: 0.42, 0.76).

Gemtuzumab ozogamicin was evaluated in two clinical trials for use as a single agent. The first trial, AML-19, was a multicenter, randomized (1:1), open-label phase 3 study in 237 patients comparing gemtuzumab ozogamicin monotherapy to best supportive care (BSC). Eligible patients had newly-diagnosed AML and were 1) greater than 75 years of age or 2) 61 to 75 years of age with a WHO performance status greater than 2 or were unwilling to receive intensive chemotherapy. During induction, gemtuzumab ozogamicin 6 mg/m2 was given on day 1 and gemtuzumab ozogamicin 3 mg/m2 was given on day 8. Patients with no evidence of disease progression or significant toxicities after induction received continuation therapy as outpatients with up to 8 courses of treatment including gemtuzumab ozogamicin 2 mg/m2 on day 1, every 4 weeks. BSC included standard supportive care measures and hydroxyurea or other anti-metabolites for palliative purposes. Estimated median overall survival (OS) was 4.9 months for patients receiving gemtuzumab ozogamicin vs. 3.6 months for those receiving BSC, with hazard ratio of 0.69 (95% CI: 0.53, 0.90).

The second trial, MyloFrance-1, a phase 2, single-arm, open-label study, included 57 patients with CD33-positive AML in first relapse. Patients received a single course of gemtuzumab ozogamicin 3 mg/m2 on days 1, 4, and 7. Consolidation therapy consisted of cytarabine intravenously every 12 hours for 3 days. Fifteen (26%; 95% CI: 16% - 40%) patients achieved complete response (CR) following a single course of gemtuzumab ozogamicin. Median relapse-free survival, measured from the first documentation of CR to the date of relapse or death, was 11.6 months.

The label contains a box warning for hepatotoxicity. The most common adverse reactions (>15%) were hemorrhage, infection, fever, nausea, vomiting, constipation, headache, increased AST, increased ALT, rash, and mucositis. Serious adverse reactions associated with gemtuzumab ozogamicin are hepatotoxicity (including veno-occlusive disease), infusion-related reactions (including anaphylaxis), and hemorrhage.

This approval includes a lower recommended dose and schedule of gemtuzumab ozogamicin than what FDA approved previously in 2000, as well as a different patient population. Gemtuzumab ozogamicin was voluntarily withdrawn in 2010 after trials failed to confirm benefit and demonstrated safety concerns, including early mortality and VOD.

The full prescribing information is available at: https://www.accessdata.fda.gov/drugsatfda_docs/label/2017/761060lbl.pdf.

FDA previously granted orphan drug designation to gemtuzumab ozogamicin. A description of FDA expedited programs is in the Guidance for Industry: Expedited Programs for Serious Conditions-Drugs and Biologics, available at: http://www.fda.gov/downloads/drugs/guidancecomplianceregulatoryinformation/guidances/ucm358301.pdf.

Healthcare professionals should report all serious adverse events suspected to be associated with the use of any medicine and device to FDA’s MedWatch Reporting System by completing a form online at http://www.fda.gov/medwatch/report.htm, by faxing (1-800-FDA-0178) or mailing the postage-paid address form provided online, or by telephone (1-800-FDA-1088).

Follow the Oncology Center of Excellence on Twitter @FDAOncology.

Check out recent approvals at the OCE’s new podcast, Drug Information Soundcast in Clinical Oncology (D.I.S.C.O.), available at www.fda.gov/DISCO.

Content current as of:

09/01/2017

Resources for Information | Approved Drugs
Drug Information Soundcast in Clinical Oncology (D.I.S.C.O.)
Approved Drug Products with Therapeutic Equivalence Evaluations (Orange Book) Short Description","https://wayback.archive-it.org/7993/20201219232235/https%3A//www.fda.gov/drugs/approved-drugs/fda-approves-gemtuzumab-ozogamicin-cd33-positive-aml"
"5","NCT01177540","Pediatric Acute Myelogenous Leukemia (AML)",FALSE,NA,NA,NA,NA
"6","NCT01442714","Acute Myeloid Leukemia (AML)",FALSE,NA,NA,NA,NA
"7","NCT01546038","Acute Myeloid Leukemia",TRUE,NA,"FDA approved glasdegib (DAURISMO, Pfizer Labs) in combination with low-dose cytarabine (LDAC), for newly-diagnosed acute myeloid leukemia (AML) in patients who are 75 years old or older or who have comorbidities that preclude intensive induction chemotherapy. More Information. November 21, 2018","FDA approves glasdegib for AML in adults age 75 or older or who have comorbidities
Share
Tweet
Linkedin
Email
Print

On November 21, 2018, the Food and Drug Administration approved glasdegib (DAURISMO, Pfizer Labs) in combination with low-dose cytarabine (LDAC), for newly-diagnosed acute myeloid leukemia (AML) in patients who are 75 years old or older or who have comorbidities that preclude intensive induction chemotherapy.

Approval was based on a multicenter, open-label, randomized study (BRIGHT AML 1003, NCT01546038) that included 115 patients with newly-diagnosed AML who met at least one of the following criteria: a) age 75 years or older, b) severe cardiac disease, c) baseline Eastern Cooperative Oncology Group performance status of 2, or d) baseline serum creatinine >1.3 mg/dL. Patients were randomized 2:1 to receive glasdegib, 100 mg daily, with LDAC 20 mg subcutaneously twice daily on days 1 to 10 of a 28-day cycle (N=77) or LDAC alone (N=38) in 28-day cycles until disease progression or unacceptable toxicity.

Efficacy was established based on an improvement in overall survival (date of randomization to death from any cause). With a median follow-up of 20 months, median survival was 8.3 months (95% CI: 4.4, 12.2) for the glasdegib + LDAC arm and 4.3 months (95% CI: 1.9, 5.7) for the LDAC alone arm and HR of 0.46 (95% CI: 0.30, 0.71; p=0.0002). 

The most common adverse reactions occurring in ≥ 20% of patients were anemia, fatigue, hemorrhage, febrile neutropenia, musculoskeletal pain, nausea, edema, thrombocytopenia, dyspnea, decreased appetite, dysgeusia, mucositis, constipation, and rash.

The recommended glasdegib dose is 100 mg orally, once daily. DAURISMO has not been studied in patients with the comorbidities of severe renal impairment or moderate-to-severe hepatic impairment.

View full prescribing information for DAURISMO.

FDA granted this application priority review and orphan product designation. A description of FDA expedited programs is in the Guidance for Industry: Expedited Programs for Serious Conditions-Drugs and Biologics.

Healthcare professionals should report all serious adverse events suspected to be associated with the use of any medicine and device to FDA’s MedWatch Reporting System or by calling 1-800-FDA-1088.

Follow the Oncology Center of Excellence on Twitter @FDAOncology. 

Check out recent approvals at the OCE’s podcast, Drug Information Soundcast in Clinical Oncology (D.I.S.C.O.).

Content current as of:

12/14/2018

Regulated Product(s)
Drugs
Drugs
Regulatory Science Research and Education
Development & Approval Process | Drugs
Drug Safety and Availability
Emergency Preparedness | Drugs
Guidance, Compliance, & Regulatory Information
News & Events for Human Drugs
Resources for You | Drugs
Science and Research | Drugs","https://wayback.archive-it.org/7993/20201219232235/https%3A//www.fda.gov/drugs/fda-approves-glasdegib-aml-adults-age-75-or-older-or-who-have-comorbidities"
"8","NCT01696084","High Risk Acute Myeloid Leukemia",TRUE,NA,"FDA granted regular approval to a liposome-encapsulated combination of daunorubicin and cytarabine (VYXEOS, Jazz Pharmaceuticals, Inc.) for the treatment of adults with newly-diagnosed therapy-related AML (t-AML) or AML with myelodysplasia-related changes (AML-MRC), two types of AML having a poor prognosis. More Information. August 3, 2017","FDA approves liposome-encapsulated combination of daunorubicin-cytarabine for adults with some types of poor prognosis AML
Share
Tweet
Linkedin
Email
Print

Listen to the FDA D.I.S.C.O. podcast about this approval.

On August 3, 2017, the U.S. Food and Drug Administration granted regular approval to a liposome-encapsulated combination of daunorubicin and cytarabine (VYXEOS, Jazz Pharmaceuticals, Inc.) for the treatment of adults with newly-diagnosed therapy-related AML (t-AML) or AML with myelodysplasia-related changes (AML-MRC), two types of AML having a poor prognosis.

This is the first FDA-approved treatment specifically for patients with t-AML or AML-MRC.

Approval was based on data from Study CLTR0310-301 (NCT01696084), a randomized (1:1), multicenter, open-label, active-controlled trial comparing Vyxeos to a standard combination of daunorubicin and cytarabine (7+3) in 309 patients 60-75 years of age with newly-diagnosed t-AML or AML-MRC. Vyxeos demonstrated an estimated median overall survival of 9.6 months compared with 5.9 months for the 7+3 control (hazard ratio 0.69; 95% CI: 0.52, 0.90; p=0.005).

The most common adverse reactions occurring in greater than 25% of patients treated with Vyxeos were hemorrhage events, febrile neutropenia, rash, edema, nausea, mucositis, diarrhea, constipation, musculoskeletal pain, fatigue, abdominal pain, dyspnea, headache, cough, decreased appetite, arrhythmia, pneumonia, bacteremia, chills, sleep disorders and vomiting.

Each Vyxeos vial contains 44 mg daunorubicin and 100 mg cytarabine encapsulated together in liposomes. The volume of reconstituted Vyxeos required for each dose is calculated based on the daunorubicin dose (mg/m2) using body surface area. Since Vyxeos is a fixed-dose combination, and dosing based on the daunorubicin component, the corresponding cytarabine dose is included and does not need to be calculated.

For the first induction cycle, the recommended dose of Vyxeos is (daunorubicin 44 mg/m2 and cytarabine 100 mg/m2) liposome via intravenous infusion over 90 minutes on days 1, 3, and 5. If needed, the same dose is administered on days 1 and 3 of second induction. The recommended dose for each cycle of consolidation therapy is (daunorubicin 29 mg/m2 and cytarabine 65 mg/m2) liposome via intravenous infusion over 90 minutes on days 1 and 3.

The prescribing information includes a boxed warning not to substitute Vyxeos with other daunorubicin- or cytarabine-containing products. Full prescribing information is available at: https://www.accessdata.fda.gov/drugsatfda_docs/label/2017/209401s000lbl.pdf 

FDA previously granted Breakthrough Therapy and Orphan Drug designations to the combination product for this indication, as well as priority review. FDA approval took place two months ahead of the goal date. A description of FDA expedited programs is in the Guidance for Industry: Expedited Programs for Serious Conditions-Drugs and Biologics, available at: http://www.fda.gov/downloads/drugs/guidancecomplianceregulatoryinformation/guidances/ucm358301.pdf.

Healthcare professionals should report all serious adverse events and medication errors suspected to be associated with the use of any medicine and device to FDA’s MedWatch Reporting System by completing a form online at http://www.fda.gov/medwatch/report.htm, by faxing (1-800-FDA-0178) or mailing the postage-paid address form provided online, or by telephone (1-800-FDA-1088).

Follow the Oncology Center of Excellence on Twitter@FDAOncology.

Check out recent approvals at the OCE’s new podcast, Drug Information Soundcast in Clinical Oncology (D.I.S.C.O.), available at www.fda.gov/DISCO.
 

Content current as of:

09/15/2017

Resources for Information | Approved Drugs
Drug Information Soundcast in Clinical Oncology (D.I.S.C.O.)
Approved Drug Products with Therapeutic Equivalence Evaluations (Orange Book) Short Description","https://wayback.archive-it.org/7993/20201219232235/https%3A//www.fda.gov/drugs/approved-drugs/fda-approves-liposome-encapsulated-combination-daunorubicin-cytarabine-adults-some-types-poor"
"9","NCT01796470","Chronic Lymphocytic Leukemia",FALSE,NA,NA,NA,NA
"10","NCT01853228","Acute Myeloid Leukemia",FALSE,NA,NA,NA,NA
"11","NCT01907815","Recurrent Adult Acute Myeloid Leukemia; Untreated Adult Acute Myeloid Leukemia",FALSE,NA,NA,NA,NA
"12","NCT02005471","Chronic Lymphocytic Leukemia",TRUE,NA,"FDA granted accelerated approval to venetoclax (VENCLEXTA, AbbVie Inc. and Genentech Inc.) in combination with azacitidine or decitabine or low-dose cytarabine for the treatment of newly-diagnosed acute myeloid leukemia (AML) in adults who are age 75 years or older, or who have comorbidities that preclude use of intensive induction chemotherapy. More Information. November 21, 2018","FDA approves venetoclax for CLL or SLL, with or without 17 p deletion, after one prior therapy
Share
Tweet
Linkedin
Email
Print

On June 8, 2018, the Food and Drug Administration granted regular approval to venetoclax (VENCLEXTA, AbbVie Inc. and Genentech Inc.) for patients with chronic lymphocytic leukemia (CLL) or small lymphocytic lymphoma (SLL), with or without 17p deletion, who have received at least one prior therapy.

Approval was based on MURANO (NCT02005471), a randomized (1:1), multicenter, open-label trial of venetoclax with rituximab (VEN+R) versus bendamustine with rituximab (B+R) in 389 patients with CLL who had received at least one prior line of therapy. Patients in the VEN+R arm completed a 5-week ramp-up venetoclax scheduleand then received venetoclax 400 mg once daily for 24 months measured from the rituximab start date. Rituximab was initiated after venetoclax ramp-up and given for 6 cycles (375 mg/m2 intravenously on cycle 1 day 1 and 500 mg/m2 intravenously on day 1 of cycles 2-6, with a 28-day cycle length). The comparator arm received 6 cycles of B+R (bendamustine 70 mg/m2 on days 1 and 2 of each 28-day cycle and rituximab at the above described dose and schedule).

Efficacy was based on progression-free survival (PFS) as assessed by an Independent Review Committee. After a median follow-up of 23 months, the median PFS was not reached in the VEN+R arm and was 18.1 months (95% CI: 15.8, 22.3) in the B+R arm (HR 0.19; 95% CI: 0.13, 0.28; p0.0001).>

In patients treated with VEN+R, the most common adverse reactions (incidence ≥20%) were neutropenia, diarrhea, upper respiratory tract infection, fatigue, cough, and nausea. Grade 3 or 4 neutropenia developed in 64% of these patients, and grade 4 neutropenia developed in 31%. Serious adverse reactions occurred in 46% of patients. Serious infections developed in 21% of patients, most commonly pneumonia (9%).

Due to rapid reduction in tumor volume, tumor lysis syndrome (TLS) is an important identified risk with venetoclax treatment. See the prescribing information for TLS risk stratification, prophylaxis, and monitoring.

All approved venetoclax regimens begin with a 5-week ramp-up. Full prescribing information is available at: Venclexta PI.

FDA granted venetoclax in combination with rituximab Breakthrough Therapy Designation and granted this application priority review. A description of FDA expedited programs is in the Guidance for Industry: Expedited Programs for Serious Conditions-Drugs and Biologics.

Healthcare professionals should report all serious adverse events suspected to be associated with the use of any medicine and device to FDA’s MedWatch Reporting System or by calling 1-800-FDA-1088.

Follow the Oncology Center of Excellence on Twitter @FDAOncology.

Check out recent approvals at the OCE’s podcast, Drug Information Soundcast in Clinical Oncology.

 

Content current as of:

06/08/2018

Resources for Information | Approved Drugs
Drug Information Soundcast in Clinical Oncology (D.I.S.C.O.)
Approved Drug Products with Therapeutic Equivalence Evaluations (Orange Book) Short Description","https://wayback.archive-it.org/7993/20201219232235/https%3A//www.fda.gov/drugs/resources-information-approved-drugs/fda-approves-venetoclax-cll-or-sll-or-without-17-p-deletion-after-one-prior-therapy"
"13","NCT02048813","Chronic Lymphocytic Leukemia",TRUE,"FDA approves ibrutinib plus rituximab for chronic lymphocytic leukemia","Food and Drug Administration expanded the indication of ibrutinib (IMBRUVICA, Pharmacyclics LLC) to include its combination with rituximab for the initial treatment of adult patients with chronic lymphocytic leukemia (CLL) or small lymphocytic lymphoma (SLL). ","FDA approves ibrutinib plus rituximab for chronic lymphocytic leukemia
Resources for Information | Approved Drugs
Oncology (Cancer)/Hematologic Malignancies Approval Notifications
Ongoing | Cancer Accelerated Approvals
Verified Clinical Benefit | Cancer Accelerated Approvals
Withdrawn | Cancer Accelerated Approvals
Other | Cancer Accelerated Approvals

 

On April 21, 2020, the Food and Drug Administration expanded the indication of ibrutinib (IMBRUVICA, Pharmacyclics LLC) to include its combination with rituximab for the initial treatment of adult patients with chronic lymphocytic leukemia (CLL) or small lymphocytic lymphoma (SLL).

This review was conducted under Project Orbis, an initiative of the FDA Oncology Center of Excellence. Project Orbis provides a framework for concurrent submission and review of oncology drugs among international partners. For this application, a modified Project Orbis was undertaken because of the timing of submission to other regulatory agencies. Nevertheless, the FDA is collaborating with the Australian Therapeutic Goods Administration, Health Canada, and Swissmedic as they review the application.

Approval was based on the E1912 trial (NCT02048813), a 2:1 randomized, multicenter, open-label, actively controlled trial of ibrutinib with rituximab compared to fludarabine, cyclophosphamide, and rituximab (FCR) in 529 adult patients 70 years or younger with previously untreated CLL or SLL requiring systemic therapy. Patients with 17p deletion were excluded. Ibrutinib was administered at 420 mg daily until disease progression or unacceptable toxicity. 

The main efficacy outcome measure was progression-free survival (PFS). The trial demonstrated a statistically significant improvement in PFS for patients receiving ibrutinib plus rituximab compared with those receiving FCR (HR 0.34; 95% CI: 0.22, 0.52; p<0.0001). Median PFS was not reached in either arm after a median follow-up duration of 37 months.

The most common adverse reactions (≥30%) in patients with CLL/SLL receiving ibrutinib are thrombocytopenia, diarrhea, fatigue, musculoskeletal pain, neutropenia, rash, anemia, bruising, and nausea.

The recommended ibrutinib dose is 420 mg taken orally once daily with a glass of water. Rituximab was initiated in Cycle 2 and administered at 50 mg/m2 on Day 1, 325 mg/m2 on Day 2, and 500 mg/m2 on Day 1 of 5 subsequent cycles, for a total of 6 cycles.

View full prescribing information for IMBRUVICA.

FDA used the Real-Time Oncology Review and Assessment Aid Pilot Programs for this application and the application was granted priority review. The Assessment Aid is being used to facilitate discussions among the regulatory agencies participating in Project Orbis. A description of FDA expedited programs is in the Guidance for Industry: Expedited Programs for Serious Conditions-Drugs and Biologics.

Healthcare professionals should report all serious adverse events suspected to be associated with the use of any medicine and device to FDA’s MedWatch Reporting System or by calling 1-800-FDA-1088.

For assistance with single-patient INDs for investigational oncology products, healthcare professionals may contact OCE’s Project Facilitate at 240-402-0004 or email OncProjectFacilitate@fda.hhs.gov.

For information on the COVID-19 pandemic, see the following resources:

FDA: Coronavirus Disease 2019 (COVID-19)
NCI: Coronavirus: What People With Cancer Should Know
CDC: Coronavirus (COVID-19)

Follow the Oncology Center of Excellence on Twitter @FDAOncology.

 

 

Content current as of:

04/21/2020

Regulated Product(s)
Drugs","https://www.fda.gov/drugs/resources-information-approved-drugs/fda-approves-ibrutinib-plus-rituximab-chronic-lymphocytic-leukemia"
"14","NCT02048813","Chronic Lymphocytic Leukemia",TRUE,NA,"Food and Drug Administration expanded the indication of ibrutinib (IMBRUVICA, Pharmacyclics LLC) to include its combination with rituximab for the initial treatment of adult patients with chronic lymphocytic leukemia (CLL) or small lymphocytic lymphoma (SLL). More Information. April 21, 2020.","FDA approves ibrutinib plus rituximab for chronic lymphocytic leukemia
Share
Tweet
Linkedin
Email
Print

 

On April 21, 2020, the Food and Drug Administration expanded the indication of ibrutinib (IMBRUVICA, Pharmacyclics LLC) to include its combination with rituximab for the initial treatment of adult patients with chronic lymphocytic leukemia (CLL) or small lymphocytic lymphoma (SLL).

This review was conducted under Project Orbis, an initiative of the FDA Oncology Center of Excellence. Project Orbis provides a framework for concurrent submission and review of oncology drugs among international partners. For this application, a modified Project Orbis was undertaken because of the timing of submission to other regulatory agencies. Nevertheless, the FDA is collaborating with the Australian Therapeutic Goods Administration, Health Canada, and Swissmedic as they review the application.

Approval was based on the E1912 trial (NCT02048813), a 2:1 randomized, multicenter, open-label, actively controlled trial of ibrutinib with rituximab compared to fludarabine, cyclophosphamide, and rituximab (FCR) in 529 adult patients 70 years or younger with previously untreated CLL or SLL requiring systemic therapy. Patients with 17p deletion were excluded. Ibrutinib was administered at 420 mg daily until disease progression or unacceptable toxicity. 

The main efficacy outcome measure was progression-free survival (PFS). The trial demonstrated a statistically significant improvement in PFS for patients receiving ibrutinib plus rituximab compared with those receiving FCR (HR 0.34; 95% CI: 0.22, 0.52; p<0.0001). Median PFS was not reached in either arm after a median follow-up duration of 37 months.

The most common adverse reactions (≥30%) in patients with CLL/SLL receiving ibrutinib are thrombocytopenia, diarrhea, fatigue, musculoskeletal pain, neutropenia, rash, anemia, bruising, and nausea.

The recommended ibrutinib dose is 420 mg taken orally once daily with a glass of water. Rituximab was initiated in Cycle 2 and administered at 50 mg/m2 on Day 1, 325 mg/m2 on Day 2, and 500 mg/m2 on Day 1 of 5 subsequent cycles, for a total of 6 cycles.

View full prescribing information for IMBRUVICA.

FDA used the Real-Time Oncology Review and Assessment Aid Pilot Programs for this application and the application was granted priority review. The Assessment Aid is being used to facilitate discussions among the regulatory agencies participating in Project Orbis. A description of FDA expedited programs is in the Guidance for Industry: Expedited Programs for Serious Conditions-Drugs and Biologics.

Healthcare professionals should report all serious adverse events suspected to be associated with the use of any medicine and device to FDA’s MedWatch Reporting System or by calling 1-800-FDA-1088.

For assistance with single-patient INDs for investigational oncology products, healthcare professionals may contact OCE’s Project Facilitate at 240-402-0004 or email OncProjectFacilitate@fda.hhs.gov.

For information on the COVID-19 pandemic, see the following resources:

FDA: Coronavirus Disease 2019 (COVID-19)
NCI: Coronavirus: What People With Cancer Should Know
CDC: Coronavirus (COVID-19)

Follow the Oncology Center of Excellence on Twitter @FDAOncology.

 

 

Content current as of:

04/21/2020

Regulated Product(s)
Drugs
Drug Approvals and Databases
Resources for Information | Approved Drugs","https://wayback.archive-it.org/7993/20201219232235/https%3A//www.fda.gov/drugs/drug-approvals-and-databases/fda-approves-ibrutinib-plus-rituximab-chronic-lymphocytic-leukemia"
"15","NCT02287233","AML",TRUE,NA,NA,"FDA approves venetoclax in combination for AML in adults
Drugs
Regulatory Science Research and Education
Development & Approval Process | Drugs
Drug Safety and Availability
Emergency Preparedness | Drugs
Guidance, Compliance, & Regulatory Information
News & Events for Human Drugs
Resources | Drugs
Science and Research | Drugs

On November 21, 2018, the Food and Drug Administration granted accelerated approval to venetoclax (VENCLEXTA, AbbVie Inc. and Genentech Inc.) in combination with azacitidine or decitabine or low-dose cytarabine for the treatment of newly-diagnosed acute myeloid leukemia (AML) in adults who are age 75 years or older, or who have comorbidities that preclude use of intensive induction chemotherapy.

Approval was based on two open-label non-randomized trials in patients with newly- diagnosed AML who were > 75 years of age or had comorbidities that precluded the use of intensive induction chemotherapy. Efficacy was established based on the rate of complete remission (CR) and CR duration. 

Study M14-358 (NCT02203773) was a non-randomized, open-label clinical trial of venetoclax in combination with azacitidine (n=67) or decitabine (n=13) in newly- diagnosed patients with AML. In combination with azacitidine, 25 patients achieved a CR (37%, 95% CI: 26, 50) with a median observed time in remission of 5.5 months (range: 0.4-30 months). In combination with decitabine, 7 patients achieved a CR (54%, 95% CI: 25, 81) with a median observed time in remission of 4.7 months (range: 1.0-18 months). The observed time in remission is the time from start of CR to data cut-off date or relapse from CR. 

Study M14-387 (NCT02287233) was a non-randomized, open-label trial of venetoclax in combination with low-dose cytarabine (n=61) in newly-diagnosed patients with AML, including patients with previous exposure to a hypomethylating agent for an antecedent hematologic disorder. In combination with low-dose cytarabine, 13 patients achieved a CR (21%, 95% CI: 12, 34) with a median observed time in remission of 6 months (range: 0.03-25 months).

The most common adverse reactions (≥30%) to venetoclax in combination with azacitidine or decitabine or low-dose cytarabine were nausea, diarrhea, thrombocytopenia, constipation, neutropenia, febrile neutropenia, fatigue, vomiting, peripheral edema, pneumonia, dyspnea, hemorrhage, anemia, rash, abdominal pain, sepsis, back pain, myalgia, dizziness, cough, oropharyngeal pain, pyrexia, and hypotension.

The recommended venetoclax dose depends upon the combination regimen and is described in prescribing information for VENCLEXTA.

This indication is approved under accelerated approval and continued approval for this indication may be contingent upon verification and description of clinical benefit in confirmatory trials. FDA granted this application priority review, breakthrough therapy designation and orphan product designation. A description of FDA expedited programs is in the Guidance for Industry: Expedited Programs for Serious Conditions-Drugs and Biologics.

The ongoing phase 3 studies, VIALE-A (NCT02993523) and VIALE-C (NCT03069352), evaluate venetoclax in combination with azacitidine or low-dose cytarabine with overall survival as the primary endpoint and are intended as the confirmatory trials.

Healthcare professionals should report all serious adverse events suspected to be associated with the use of any medicine and device to FDA’s MedWatch Reporting System or by calling 1-800-FDA-1088.

Healthcare professionals should report all serious adverse events suspected to be associated with the use of any medicine and device to FDA’s MedWatch Reporting System or by calling 1-800-FDA-1088.

Follow the Oncology Center of Excellence on Twitter @FDAOncology.

Check out recent approvals at the OCE’s podcast, Drug Information Soundcast in Clinical Oncology (D.I.S.C.O.).

Content current as of:

12/14/2018

Regulated Product(s)
Drugs","https://www.fda.gov/drugs/fda-approves-venetoclax-combination-aml-adults"
"16","NCT02351037","Acute Myeloid Leukemia (AML)",FALSE,NA,NA,NA,NA
"17","NCT02399917","Acute Myeloid Leukemia Arising From Previous Myelodysplastic Syndrome; Recurrent Acute Myeloid Leukemia; Refractory Acute Myeloid Leukemia",FALSE,NA,NA,NA,NA
"18","NCT02668653","Acute Myeloid Leukemia",TRUE,"FDA approves quizartinib for newly diagnosed acute myeloid leukemia","On July 20, 2023, the Food and Drug Administration approved quizartinib (Vanflyta, Daiichi Sankyo, Inc.) with standard cytarabine and anthracycline induction and cytarabine consolidation, and as maintenance monotherapy following consolidation chemotherapy, for the treatment of adult patients with newly diagnosed acute myeloid leukemia (AML) that is FLT3 internal tandem duplication (ITD)-positive, as detected by an FDA-approved test.","FDA approves quizartinib for newly diagnosed acute myeloid leukemia
Drug Approvals and Databases
Resources for Information | Approved Drugs

On July 20, 2023, the Food and Drug Administration approved quizartinib (Vanflyta, Daiichi Sankyo, Inc.) with standard cytarabine and anthracycline induction and cytarabine consolidation, and as maintenance monotherapy following consolidation chemotherapy, for the treatment of adult patients with newly diagnosed acute myeloid leukemia (AML) that is FLT3 internal tandem duplication (ITD)-positive, as detected by an FDA-approved test.

FDA also approved LeukoStrat CDx FLT3 Mutation Assay as a companion diagnostic for Vanflyta.

View full prescribing information for Vanflyta.

Efficacy of quizartinib with chemotherapy was evaluated in QuANTUM-First (NCT02668653), a randomized, double-blind, placebo-controlled trial of 539 patients with newly diagnosed FLT3-ITD positive AML. FLT3-ITD status was determined prospectively with a clinical trial assay and verified retrospectively with the companion diagnostic LeukoStrat CDx FLT3 Mutation Assay.

Patients were randomized (1:1) to receive quizartinib (n=268) or placebo (n=271) with induction and consolidation therapy and as maintenance monotherapy according to the initial assignment. There was no re-randomization at the initiation of post-consolidation therapy. Patients who proceeded to hematopoietic stem cell transplantation (HSCT) initiated maintenance therapy after HSCT recovery.

The main efficacy outcome measure was overall survival (OS), measured from randomization date until death by any cause. The primary analysis was conducted after a minimum follow-up of 24 months after the last patient was randomized. The trial demonstrated a statistically significant improvement in OS for the quizartinib arm [hazard ratio (HR) 0.78; 95% CI: 0.62, 0.98; 2‑sided p=0.0324]. The CR rate in the quizartinib arm was 55% (95% CI: 48.7, 60.9) with a median duration of 38.6 months (95% CI: 21.9, NE), and the CR rate in those receiving placebo was 55% (95% CI: 49.2, 61.4) with a median duration of 12.4 months (95% CI: 8.8, 22.7).

Quizartinib is not indicated as maintenance monotherapy following allogeneic HSCT. Improvement in OS with quizartinib has not been demonstrated in this setting.

A boxed warning for quizartinib notes QT prolongation, torsades de pointes, and cardiac arrest. Quizartinib is available only through a restricted program under a Risk Evaluation and Mitigation Strategy (REMS), called the Vanflyta REMS. See the prescribing information for the full list of adverse reactions.

The recommended quizartinib dose is as follows:

Induction: 35.4 mg orally once daily on Days 8-21 of “7 + 3” (cytarabine [100 or 200 mg/m2/day] on Days 1 to 7 plus daunorubicin [60 mg/m2/day] or idarubicin [12 mg/m2/day] on Days 1 to 3) and on Days 8-21 or 6-19 of an optional second induction (“7 + 3” or “5 + 2” [5 days cytarabine plus 2 days daunorubicin or idarubicin], respectively),
b) Consolidation: 35.4 mg orally once daily on Days 6-19 of high‑dose cytarabine (1.5 to 3 g/m2 every 12 hours on Days 1, 3 and 5) for up to 4 cycles, and
c) Maintenance: 26.5 mg orally once daily on Days 1 to 14 and 53 mg once daily, thereafter, for up to thirty-six 28-day cycles.

This review used the Assessment Aid, a voluntary submission from the applicant to facilitate the FDA’s assessment.

This application was granted priority review, fast track designation and orphan drug designation. FDA expedited programs are described in the Guidance for Industry: Expedited Programs for Serious Conditions-Drugs and Biologics.

Healthcare professionals should report all serious adverse events suspected to be associated with the use of any medicine and device to FDA’s MedWatch Reporting System or by calling 1-800-FDA-1088.

For assistance with single-patient INDs for investigational oncology products, healthcare professionals may contact OCE’s Project Facilitate at 240-402-0004 or email OncProjectFacilitate@fda.hhs.gov.

For information on the COVID-19 pandemic, see the following resources:

FDA: Coronavirus Disease 2019 (COVID-19)
NCI: Coronavirus: What People With Cancer Should Know
CDC: Coronavirus (COVID-19)

Follow the Oncology Center of Excellence on Twitter @FDAOncology.

Content current as of:

07/20/2023

Regulated Product(s)
Drugs","https://www.fda.gov/drugs/drug-approvals-and-databases/fda-approves-quizartinib-newly-diagnosed-acute-myeloid-leukemia"
"19","NCT02785900","Acute Myeloid Leukemia",FALSE,NA,NA,NA,NA
"20","NCT02993523","Acute Myeloid Leukemia (AML)",TRUE,"FDA grants regular approval to venetoclax in combination for untreated acute myeloid leukemia","Food and Drug Administration grants regular approval to venetoclax in combination for untreated acute myeloid leukemia. ","FDA grants regular approval to venetoclax in combination for untreated acute myeloid leukemia
Resources for Information | Approved Drugs
Oncology (Cancer)/Hematologic Malignancies Approval Notifications
Ongoing | Cancer Accelerated Approvals
Verified Clinical Benefit | Cancer Accelerated Approvals
Withdrawn | Cancer Accelerated Approvals
Other | Cancer Accelerated Approvals

On October 16, 2020, the Food and Drug Administration granted regular approval to venetoclax (VENCLEXTA ®, AbbVie Inc. and Genentech Inc.) in combination with azacitidine, decitabine, or low-dose cytarabine (LDAC) for newly-diagnosed acute myeloid leukemia (AML) in adults 75 years or older, or who have comorbidities precluding intensive induction chemotherapy.

Venetoclax was initially granted accelerated approval for this indication in November 2018.

Efficacy was confirmed in two randomized, double-blind, placebo-controlled trials in patients with AML described above.

In VIALE-A (NCT02993523), patients were randomized to receive venetoclax plus azacitidine (n=286) or placebo plus azacitidine (n=145). Efficacy was established based on an improvement in overall survival (OS). The median OS was 14.7 months (95% CI: 11.9, 18.7) in patients treated with venetoclax plus azacitidine compared to 9.6 months (95% CI: 7.4, 12.7) in those receiving placebo plus azacitidine (HR 0.66; 95% CI: 0.52, 0.85; p<0.001). Patients treated with venetoclax plus azacitidine also demonstrated an improvement in complete remission (CR) rate: 37% (95% CI: 31%, 43%) versus 18% (95% CI: 12%, 25%).

In VIALE-C (NCT03069352), patients were randomized to receive venetoclax plus LDAC (n=143) or placebo plus LDAC (n=68). Efficacy was based on CR rate and duration of CR. The CR rate on the venetoclax plus LDAC arm was 27% (95% CI: 20%, 35%) with a median duration of 11.1 months (95% CI: 6.1, not reached) compared to 7.4% (95% CI: 2.4%, 16%) with a median duration of 8.3 months (95% CI: 3.1, not reached) in those receiving placebo plus LDAC. Venetoclax plus LDAC did not significantly improve OS versus placebo plus LDAC (HR 0.75; 95% CI 0.52, 1.07; p=0.114). 

The most common adverse reactions of venetoclax in combination with azacitidine, decitabine, or low-dose cytarabine (≥30% in any trial) were nausea, diarrhea, thrombocytopenia, constipation, neutropenia, febrile neutropenia, fatigue, vomiting, edema, pyrexia, pneumonia, dyspnea, hemorrhage, anemia, rash, abdominal pain, sepsis, musculoskeletal pain, dizziness, cough, oropharyngeal pain, and hypotension.

The recommended venetoclax dose depends upon the combination regimen and is described in prescribing information. View full prescribing information for VENCLEXTA.

This review was conducted under Project Orbis, an initiative of the FDA Oncology Center of Excellence. Project Orbis provides a framework for concurrent submission and review of oncology drugs among international partners. For this review, FDA collaborated with the Australian Therapeutic Goods Administration (TGA), the Brazilian Health Regulatory Agency (ANVISA), Health Canada, and Switzerland’s Swissmedic. The application reviews are ongoing at the other regulatory agencies.

This review used the Real-Time Oncology Review (RTOR) pilot program and the Assessment Aid, a voluntary submission from the applicant to facilitate the FDA’s assessment. The FDA approved this application 5 weeks ahead of the FDA goal date.

FDA granted this application priority review, breakthrough designation, and orphan drug designation. A description of FDA expedited programs is in the Guidance for Industry: Expedited Programs for Serious Conditions-Drugs and Biologics.

Healthcare professionals should report all serious adverse events suspected to be associated with the use of any medicine and device to FDA’s MedWatch Reporting System or by calling 1-800-FDA-1088.

For assistance with single-patient INDs for investigational oncology products, healthcare professionals may contact OCE’s Project Facilitate at 240-402-0004 or email OncProjectFacilitate@fda.hhs.gov.

For information on the COVID-19 pandemic, see the following resources:

FDA: Coronavirus Disease 2019 (COVID-19)
NCI: Coronavirus: What People With Cancer Should Know
CDC: Coronavirus (COVID-19)

Follow the Oncology Center of Excellence on Twitter @FDAOncology.

 

Content current as of:

10/16/2020

Regulated Product(s)
Drugs
Prescription Drugs","https://www.fda.gov/drugs/resources-information-approved-drugs/fda-grants-regular-approval-venetoclax-combination-untreated-acute-myeloid-leukemia"
"21","NCT02993523","Acute Myeloid Leukemia (AML)",TRUE,NA,"Food and Drug Administration grants regular approval to venetoclax in combination for untreated acute myeloid leukemia. More Information. October 16, 2020","FDA grants regular approval to venetoclax in combination for untreated acute myeloid leukemia
Share
Tweet
Linkedin
Email
Print

On October 16, 2020, the Food and Drug Administration granted regular approval to venetoclax (VENCLEXTA ®, AbbVie Inc. and Genentech Inc.) in combination with azacitidine, decitabine, or low-dose cytarabine (LDAC) for newly-diagnosed acute myeloid leukemia (AML) in adults 75 years or older, or who have comorbidities precluding intensive induction chemotherapy.

Venetoclax was initially granted accelerated approval for this indication in November 2018.

Efficacy was confirmed in two randomized, double-blind, placebo-controlled trials in patients with AML described above.

In VIALE-A (NCT02993523), patients were randomized to receive venetoclax plus azacitidine (n=286) or placebo plus azacitidine (n=145). Efficacy was established based on an improvement in overall survival (OS). The median OS was 14.7 months (95% CI: 11.9, 18.7) in patients treated with venetoclax plus azacitidine compared to 9.6 months (95% CI: 7.4, 12.7) in those receiving placebo plus azacitidine (HR 0.66; 95% CI: 0.52, 0.85; p<0.001). Patients treated with venetoclax plus azacitidine also demonstrated an improvement in complete remission (CR) rate: 37% (95% CI: 31%, 43%) versus 18% (95% CI: 12%, 25%).

In VIALE-C (NCT03069352), patients were randomized to receive venetoclax plus LDAC (n=143) or placebo plus LDAC (n=68). Efficacy was based on CR rate and duration of CR. The CR rate on the venetoclax plus LDAC arm was 27% (95% CI: 20%, 35%) with a median duration of 11.1 months (95% CI: 6.1, not reached) compared to 7.4% (95% CI: 2.4%, 16%) with a median duration of 8.3 months (95% CI: 3.1, not reached) in those receiving placebo plus LDAC. Venetoclax plus LDAC did not significantly improve OS versus placebo plus LDAC (HR 0.75; 95% CI 0.52, 1.07; p=0.114). 

The most common adverse reactions of venetoclax in combination with azacitidine, decitabine, or low-dose cytarabine (≥30% in any trial) were nausea, diarrhea, thrombocytopenia, constipation, neutropenia, febrile neutropenia, fatigue, vomiting, edema, pyrexia, pneumonia, dyspnea, hemorrhage, anemia, rash, abdominal pain, sepsis, musculoskeletal pain, dizziness, cough, oropharyngeal pain, and hypotension.

The recommended venetoclax dose depends upon the combination regimen and is described in prescribing information. View full prescribing information for VENCLEXTA.

This review was conducted under Project Orbis, an initiative of the FDA Oncology Center of Excellence. Project Orbis provides a framework for concurrent submission and review of oncology drugs among international partners. For this review, FDA collaborated with the Australian Therapeutic Goods Administration (TGA), the Brazilian Health Regulatory Agency (ANVISA), Health Canada, and Switzerland’s Swissmedic. The application reviews are ongoing at the other regulatory agencies.

This review used the Real-Time Oncology Review (RTOR) pilot program and the Assessment Aid, a voluntary submission from the applicant to facilitate the FDA’s assessment. The FDA approved this application 5 weeks ahead of the FDA goal date.

FDA granted this application priority review, breakthrough designation, and orphan drug designation. A description of FDA expedited programs is in the Guidance for Industry: Expedited Programs for Serious Conditions-Drugs and Biologics.

Healthcare professionals should report all serious adverse events suspected to be associated with the use of any medicine and device to FDA’s MedWatch Reporting System or by calling 1-800-FDA-1088.

For assistance with single-patient INDs for investigational oncology products, healthcare professionals may contact OCE’s Project Facilitate at 240-402-0004 or email OncProjectFacilitate@fda.hhs.gov.

For information on the COVID-19 pandemic, see the following resources:

FDA: Coronavirus Disease 2019 (COVID-19)
NCI: Coronavirus: What People With Cancer Should Know
CDC: Coronavirus (COVID-19)

Follow the Oncology Center of Excellence on Twitter @FDAOncology.

 

Content current as of:

10/16/2020

Regulated Product(s)
Drugs
Prescription Drugs
Drug Approvals and Databases
Resources for Information | Approved Drugs","https://wayback.archive-it.org/7993/20201219232235/https%3A//www.fda.gov/drugs/drug-approvals-and-databases/fda-grants-regular-approval-venetoclax-combination-untreated-acute-myeloid-leukemia"
"22","NCT02993523","Acute Myeloid Leukemia (AML)",TRUE,NA,NA,"FDA approves venetoclax in combination for AML in adults
Drugs
Regulatory Science Research and Education
Development & Approval Process | Drugs
Drug Safety and Availability
Emergency Preparedness | Drugs
Guidance, Compliance, & Regulatory Information
News & Events for Human Drugs
Resources | Drugs
Science and Research | Drugs

On November 21, 2018, the Food and Drug Administration granted accelerated approval to venetoclax (VENCLEXTA, AbbVie Inc. and Genentech Inc.) in combination with azacitidine or decitabine or low-dose cytarabine for the treatment of newly-diagnosed acute myeloid leukemia (AML) in adults who are age 75 years or older, or who have comorbidities that preclude use of intensive induction chemotherapy.

Approval was based on two open-label non-randomized trials in patients with newly- diagnosed AML who were > 75 years of age or had comorbidities that precluded the use of intensive induction chemotherapy. Efficacy was established based on the rate of complete remission (CR) and CR duration. 

Study M14-358 (NCT02203773) was a non-randomized, open-label clinical trial of venetoclax in combination with azacitidine (n=67) or decitabine (n=13) in newly- diagnosed patients with AML. In combination with azacitidine, 25 patients achieved a CR (37%, 95% CI: 26, 50) with a median observed time in remission of 5.5 months (range: 0.4-30 months). In combination with decitabine, 7 patients achieved a CR (54%, 95% CI: 25, 81) with a median observed time in remission of 4.7 months (range: 1.0-18 months). The observed time in remission is the time from start of CR to data cut-off date or relapse from CR. 

Study M14-387 (NCT02287233) was a non-randomized, open-label trial of venetoclax in combination with low-dose cytarabine (n=61) in newly-diagnosed patients with AML, including patients with previous exposure to a hypomethylating agent for an antecedent hematologic disorder. In combination with low-dose cytarabine, 13 patients achieved a CR (21%, 95% CI: 12, 34) with a median observed time in remission of 6 months (range: 0.03-25 months).

The most common adverse reactions (≥30%) to venetoclax in combination with azacitidine or decitabine or low-dose cytarabine were nausea, diarrhea, thrombocytopenia, constipation, neutropenia, febrile neutropenia, fatigue, vomiting, peripheral edema, pneumonia, dyspnea, hemorrhage, anemia, rash, abdominal pain, sepsis, back pain, myalgia, dizziness, cough, oropharyngeal pain, pyrexia, and hypotension.

The recommended venetoclax dose depends upon the combination regimen and is described in prescribing information for VENCLEXTA.

This indication is approved under accelerated approval and continued approval for this indication may be contingent upon verification and description of clinical benefit in confirmatory trials. FDA granted this application priority review, breakthrough therapy designation and orphan product designation. A description of FDA expedited programs is in the Guidance for Industry: Expedited Programs for Serious Conditions-Drugs and Biologics.

The ongoing phase 3 studies, VIALE-A (NCT02993523) and VIALE-C (NCT03069352), evaluate venetoclax in combination with azacitidine or low-dose cytarabine with overall survival as the primary endpoint and are intended as the confirmatory trials.

Healthcare professionals should report all serious adverse events suspected to be associated with the use of any medicine and device to FDA’s MedWatch Reporting System or by calling 1-800-FDA-1088.

Healthcare professionals should report all serious adverse events suspected to be associated with the use of any medicine and device to FDA’s MedWatch Reporting System or by calling 1-800-FDA-1088.

Follow the Oncology Center of Excellence on Twitter @FDAOncology.

Check out recent approvals at the OCE’s podcast, Drug Information Soundcast in Clinical Oncology (D.I.S.C.O.).

Content current as of:

12/14/2018

Regulated Product(s)
Drugs","https://www.fda.gov/drugs/fda-approves-venetoclax-combination-aml-adults"
"23","NCT03069352","Acute Myeloid Leukemia (AML)",TRUE,"FDA grants regular approval to venetoclax in combination for untreated acute myeloid leukemia","Food and Drug Administration grants regular approval to venetoclax in combination for untreated acute myeloid leukemia. ","FDA grants regular approval to venetoclax in combination for untreated acute myeloid leukemia
Resources for Information | Approved Drugs
Oncology (Cancer)/Hematologic Malignancies Approval Notifications
Ongoing | Cancer Accelerated Approvals
Verified Clinical Benefit | Cancer Accelerated Approvals
Withdrawn | Cancer Accelerated Approvals
Other | Cancer Accelerated Approvals

On October 16, 2020, the Food and Drug Administration granted regular approval to venetoclax (VENCLEXTA ®, AbbVie Inc. and Genentech Inc.) in combination with azacitidine, decitabine, or low-dose cytarabine (LDAC) for newly-diagnosed acute myeloid leukemia (AML) in adults 75 years or older, or who have comorbidities precluding intensive induction chemotherapy.

Venetoclax was initially granted accelerated approval for this indication in November 2018.

Efficacy was confirmed in two randomized, double-blind, placebo-controlled trials in patients with AML described above.

In VIALE-A (NCT02993523), patients were randomized to receive venetoclax plus azacitidine (n=286) or placebo plus azacitidine (n=145). Efficacy was established based on an improvement in overall survival (OS). The median OS was 14.7 months (95% CI: 11.9, 18.7) in patients treated with venetoclax plus azacitidine compared to 9.6 months (95% CI: 7.4, 12.7) in those receiving placebo plus azacitidine (HR 0.66; 95% CI: 0.52, 0.85; p<0.001). Patients treated with venetoclax plus azacitidine also demonstrated an improvement in complete remission (CR) rate: 37% (95% CI: 31%, 43%) versus 18% (95% CI: 12%, 25%).

In VIALE-C (NCT03069352), patients were randomized to receive venetoclax plus LDAC (n=143) or placebo plus LDAC (n=68). Efficacy was based on CR rate and duration of CR. The CR rate on the venetoclax plus LDAC arm was 27% (95% CI: 20%, 35%) with a median duration of 11.1 months (95% CI: 6.1, not reached) compared to 7.4% (95% CI: 2.4%, 16%) with a median duration of 8.3 months (95% CI: 3.1, not reached) in those receiving placebo plus LDAC. Venetoclax plus LDAC did not significantly improve OS versus placebo plus LDAC (HR 0.75; 95% CI 0.52, 1.07; p=0.114). 

The most common adverse reactions of venetoclax in combination with azacitidine, decitabine, or low-dose cytarabine (≥30% in any trial) were nausea, diarrhea, thrombocytopenia, constipation, neutropenia, febrile neutropenia, fatigue, vomiting, edema, pyrexia, pneumonia, dyspnea, hemorrhage, anemia, rash, abdominal pain, sepsis, musculoskeletal pain, dizziness, cough, oropharyngeal pain, and hypotension.

The recommended venetoclax dose depends upon the combination regimen and is described in prescribing information. View full prescribing information for VENCLEXTA.

This review was conducted under Project Orbis, an initiative of the FDA Oncology Center of Excellence. Project Orbis provides a framework for concurrent submission and review of oncology drugs among international partners. For this review, FDA collaborated with the Australian Therapeutic Goods Administration (TGA), the Brazilian Health Regulatory Agency (ANVISA), Health Canada, and Switzerland’s Swissmedic. The application reviews are ongoing at the other regulatory agencies.

This review used the Real-Time Oncology Review (RTOR) pilot program and the Assessment Aid, a voluntary submission from the applicant to facilitate the FDA’s assessment. The FDA approved this application 5 weeks ahead of the FDA goal date.

FDA granted this application priority review, breakthrough designation, and orphan drug designation. A description of FDA expedited programs is in the Guidance for Industry: Expedited Programs for Serious Conditions-Drugs and Biologics.

Healthcare professionals should report all serious adverse events suspected to be associated with the use of any medicine and device to FDA’s MedWatch Reporting System or by calling 1-800-FDA-1088.

For assistance with single-patient INDs for investigational oncology products, healthcare professionals may contact OCE’s Project Facilitate at 240-402-0004 or email OncProjectFacilitate@fda.hhs.gov.

For information on the COVID-19 pandemic, see the following resources:

FDA: Coronavirus Disease 2019 (COVID-19)
NCI: Coronavirus: What People With Cancer Should Know
CDC: Coronavirus (COVID-19)

Follow the Oncology Center of Excellence on Twitter @FDAOncology.

 

Content current as of:

10/16/2020

Regulated Product(s)
Drugs
Prescription Drugs","https://www.fda.gov/drugs/resources-information-approved-drugs/fda-grants-regular-approval-venetoclax-combination-untreated-acute-myeloid-leukemia"
"24","NCT03069352","Acute Myeloid Leukemia (AML)",TRUE,NA,"Food and Drug Administration grants regular approval to venetoclax in combination for untreated acute myeloid leukemia. More Information. October 16, 2020","FDA grants regular approval to venetoclax in combination for untreated acute myeloid leukemia
Share
Tweet
Linkedin
Email
Print

On October 16, 2020, the Food and Drug Administration granted regular approval to venetoclax (VENCLEXTA ®, AbbVie Inc. and Genentech Inc.) in combination with azacitidine, decitabine, or low-dose cytarabine (LDAC) for newly-diagnosed acute myeloid leukemia (AML) in adults 75 years or older, or who have comorbidities precluding intensive induction chemotherapy.

Venetoclax was initially granted accelerated approval for this indication in November 2018.

Efficacy was confirmed in two randomized, double-blind, placebo-controlled trials in patients with AML described above.

In VIALE-A (NCT02993523), patients were randomized to receive venetoclax plus azacitidine (n=286) or placebo plus azacitidine (n=145). Efficacy was established based on an improvement in overall survival (OS). The median OS was 14.7 months (95% CI: 11.9, 18.7) in patients treated with venetoclax plus azacitidine compared to 9.6 months (95% CI: 7.4, 12.7) in those receiving placebo plus azacitidine (HR 0.66; 95% CI: 0.52, 0.85; p<0.001). Patients treated with venetoclax plus azacitidine also demonstrated an improvement in complete remission (CR) rate: 37% (95% CI: 31%, 43%) versus 18% (95% CI: 12%, 25%).

In VIALE-C (NCT03069352), patients were randomized to receive venetoclax plus LDAC (n=143) or placebo plus LDAC (n=68). Efficacy was based on CR rate and duration of CR. The CR rate on the venetoclax plus LDAC arm was 27% (95% CI: 20%, 35%) with a median duration of 11.1 months (95% CI: 6.1, not reached) compared to 7.4% (95% CI: 2.4%, 16%) with a median duration of 8.3 months (95% CI: 3.1, not reached) in those receiving placebo plus LDAC. Venetoclax plus LDAC did not significantly improve OS versus placebo plus LDAC (HR 0.75; 95% CI 0.52, 1.07; p=0.114). 

The most common adverse reactions of venetoclax in combination with azacitidine, decitabine, or low-dose cytarabine (≥30% in any trial) were nausea, diarrhea, thrombocytopenia, constipation, neutropenia, febrile neutropenia, fatigue, vomiting, edema, pyrexia, pneumonia, dyspnea, hemorrhage, anemia, rash, abdominal pain, sepsis, musculoskeletal pain, dizziness, cough, oropharyngeal pain, and hypotension.

The recommended venetoclax dose depends upon the combination regimen and is described in prescribing information. View full prescribing information for VENCLEXTA.

This review was conducted under Project Orbis, an initiative of the FDA Oncology Center of Excellence. Project Orbis provides a framework for concurrent submission and review of oncology drugs among international partners. For this review, FDA collaborated with the Australian Therapeutic Goods Administration (TGA), the Brazilian Health Regulatory Agency (ANVISA), Health Canada, and Switzerland’s Swissmedic. The application reviews are ongoing at the other regulatory agencies.

This review used the Real-Time Oncology Review (RTOR) pilot program and the Assessment Aid, a voluntary submission from the applicant to facilitate the FDA’s assessment. The FDA approved this application 5 weeks ahead of the FDA goal date.

FDA granted this application priority review, breakthrough designation, and orphan drug designation. A description of FDA expedited programs is in the Guidance for Industry: Expedited Programs for Serious Conditions-Drugs and Biologics.

Healthcare professionals should report all serious adverse events suspected to be associated with the use of any medicine and device to FDA’s MedWatch Reporting System or by calling 1-800-FDA-1088.

For assistance with single-patient INDs for investigational oncology products, healthcare professionals may contact OCE’s Project Facilitate at 240-402-0004 or email OncProjectFacilitate@fda.hhs.gov.

For information on the COVID-19 pandemic, see the following resources:

FDA: Coronavirus Disease 2019 (COVID-19)
NCI: Coronavirus: What People With Cancer Should Know
CDC: Coronavirus (COVID-19)

Follow the Oncology Center of Excellence on Twitter @FDAOncology.

 

Content current as of:

10/16/2020

Regulated Product(s)
Drugs
Prescription Drugs
Drug Approvals and Databases
Resources for Information | Approved Drugs","https://wayback.archive-it.org/7993/20201219232235/https%3A//www.fda.gov/drugs/drug-approvals-and-databases/fda-grants-regular-approval-venetoclax-combination-untreated-acute-myeloid-leukemia"
"25","NCT03069352","Acute Myeloid Leukemia (AML)",TRUE,NA,NA,"FDA approves venetoclax in combination for AML in adults
Drugs
Regulatory Science Research and Education
Development & Approval Process | Drugs
Drug Safety and Availability
Emergency Preparedness | Drugs
Guidance, Compliance, & Regulatory Information
News & Events for Human Drugs
Resources | Drugs
Science and Research | Drugs

On November 21, 2018, the Food and Drug Administration granted accelerated approval to venetoclax (VENCLEXTA, AbbVie Inc. and Genentech Inc.) in combination with azacitidine or decitabine or low-dose cytarabine for the treatment of newly-diagnosed acute myeloid leukemia (AML) in adults who are age 75 years or older, or who have comorbidities that preclude use of intensive induction chemotherapy.

Approval was based on two open-label non-randomized trials in patients with newly- diagnosed AML who were > 75 years of age or had comorbidities that precluded the use of intensive induction chemotherapy. Efficacy was established based on the rate of complete remission (CR) and CR duration. 

Study M14-358 (NCT02203773) was a non-randomized, open-label clinical trial of venetoclax in combination with azacitidine (n=67) or decitabine (n=13) in newly- diagnosed patients with AML. In combination with azacitidine, 25 patients achieved a CR (37%, 95% CI: 26, 50) with a median observed time in remission of 5.5 months (range: 0.4-30 months). In combination with decitabine, 7 patients achieved a CR (54%, 95% CI: 25, 81) with a median observed time in remission of 4.7 months (range: 1.0-18 months). The observed time in remission is the time from start of CR to data cut-off date or relapse from CR. 

Study M14-387 (NCT02287233) was a non-randomized, open-label trial of venetoclax in combination with low-dose cytarabine (n=61) in newly-diagnosed patients with AML, including patients with previous exposure to a hypomethylating agent for an antecedent hematologic disorder. In combination with low-dose cytarabine, 13 patients achieved a CR (21%, 95% CI: 12, 34) with a median observed time in remission of 6 months (range: 0.03-25 months).

The most common adverse reactions (≥30%) to venetoclax in combination with azacitidine or decitabine or low-dose cytarabine were nausea, diarrhea, thrombocytopenia, constipation, neutropenia, febrile neutropenia, fatigue, vomiting, peripheral edema, pneumonia, dyspnea, hemorrhage, anemia, rash, abdominal pain, sepsis, back pain, myalgia, dizziness, cough, oropharyngeal pain, pyrexia, and hypotension.

The recommended venetoclax dose depends upon the combination regimen and is described in prescribing information for VENCLEXTA.

This indication is approved under accelerated approval and continued approval for this indication may be contingent upon verification and description of clinical benefit in confirmatory trials. FDA granted this application priority review, breakthrough therapy designation and orphan product designation. A description of FDA expedited programs is in the Guidance for Industry: Expedited Programs for Serious Conditions-Drugs and Biologics.

The ongoing phase 3 studies, VIALE-A (NCT02993523) and VIALE-C (NCT03069352), evaluate venetoclax in combination with azacitidine or low-dose cytarabine with overall survival as the primary endpoint and are intended as the confirmatory trials.

Healthcare professionals should report all serious adverse events suspected to be associated with the use of any medicine and device to FDA’s MedWatch Reporting System or by calling 1-800-FDA-1088.

Healthcare professionals should report all serious adverse events suspected to be associated with the use of any medicine and device to FDA’s MedWatch Reporting System or by calling 1-800-FDA-1088.

Follow the Oncology Center of Excellence on Twitter @FDAOncology.

Check out recent approvals at the OCE’s podcast, Drug Information Soundcast in Clinical Oncology (D.I.S.C.O.).

Content current as of:

12/14/2018

Regulated Product(s)
Drugs","https://www.fda.gov/drugs/fda-approves-venetoclax-combination-aml-adults"
"26","NCT03151408","Acute Myeloid Leukemia",FALSE,NA,NA,NA,NA
"27","NCT03173248","Newly Diagnosed Acute Myeloid Leukemia (AML); Untreated AML; AML Arising From Myelodysplastic Syndrome (MDS)",TRUE,"FDA approves ivosidenib in combination with azacitidine for newly diagnosed acute myeloid leukemia","On May 25, 2022, the Food and Drug Administration approved ivosidenib (Tibsovo, Servier Pharmaceuticals LLC) in combination with azacitidine for newly diagnosed acute myeloid leukemia (AML) with a susceptible IDH1 mutation, as detected by an FDA-approved test in adults 75 years or older, or who have comorbidities that preclude use of intensive induction chemotherapy.","FDA approves ivosidenib in combination with azacitidine for newly diagnosed acute myeloid leukemia
Resources for Information | Approved Drugs
Oncology (Cancer)/Hematologic Malignancies Approval Notifications
Ongoing | Cancer Accelerated Approvals
Verified Clinical Benefit | Cancer Accelerated Approvals
Withdrawn | Cancer Accelerated Approvals
Other | Cancer Accelerated Approvals

On May 25, 2022, the Food and Drug Administration approved ivosidenib (Tibsovo, Servier Pharmaceuticals LLC) in combination with azacitidine (azacitidine for injection) for newly diagnosed acute myeloid leukemia (AML) with a susceptible IDH1 mutation, as detected by an FDA-approved test in adults 75 years or older, or who have comorbidities that preclude use of intensive induction chemotherapy.

Approval was based on a randomized, multicenter, double-blind, placebo-controlled study (AG120-C-009, NCT03173248) that included 146 patients with newly-diagnosed AML with an IDH1 mutation who met at least one of the following criteria: age 75 years or older, baseline Eastern Cooperative Oncology Group performance status of 2, severe cardiac or pulmonary disease, hepatic impairment with bilirubin > 1.5 times the upper limit of normal, creatinine clearance < 45 mL/min, or other comorbidity. Patients were randomized 1:1 to receive ivosidenib, 500 mg daily (N=72), or matched placebo orally once daily (N=74), on Days 1-28 in combination with azacitidine 75 mg/m2/day subcutaneously or intravenously on Days 1-7 or Days 1-5 and 8-9 of each 28-day cycle until disease progression, unacceptable toxicity, or hematopoietic stem cell transplantation.

Tibsovo is approved in combination with azacitidine for injection, not Onureg (azacitidine tablets). Onureg should not be substituted for intravenous or subcutaneous azacitidine. The indications and dosing regimen for Onureg are different from that of intravenous or subcutaneous azacitidine. 

Efficacy was established based on improvements in event-free-survival (EFS), overall survival (OS), and rate and duration of complete remission (CR). EFS was defined as the time from randomization until treatment failure, relapse from remission, or death from any cause, whichever occurred first. Treatment failure was defined as failure to achieve CR by 24 weeks. EFS events occurred in 65% of patients on the ivosidenib plus azacitidine arm and 84% on the placebo plus azacitidine arm (HR 0.35; 95% CI: 0.17, 0.72, p=0.0038). Median OS was 24.0 months (95% CI: 11.3, 34.1) in the ivosidenib plus azacitidine arm and 7.9 months (95% CI: 4.1, 11.3) in the placebo plus azacitidine arm (HR 0.44; 95% CI: 0.27, 0.73; p=0.0010). CR was 47% (95% CI: 35%, 59%) in the ivosidenib plus azacitidine arm and 15% (95% CI: 8%, 25%) in the placebo plus azacitidine arm. Median duration of CR was not estimable (NE) in the ivosidenib plus azacitidine arm (95% CI: 13.0, NE) and 11.2 months (95% CI: 3.2, NE) in the placebo plus azacitidine arm.

The most common adverse reactions of ivosidenib in combination with azacitidine or as monotherapy (≥ 25% in any trial) were diarrhea, fatigue, edema, nausea, vomiting, decreased appetite, leukocytosis, arthralgia, dyspnea, abdominal pain, mucositis, rash, electrocardiogram QT prolonged, differentiation syndrome, and myalgia. Prescribing information contains a Boxed Warning alerting health care professionals and patients about the risk of differentiation syndrome which may be life-threatening or fatal.

The recommended ivosidenib dose is 500 mg taken orally once daily with or without food until disease progression or unacceptable toxicity. Start ivosidenib administration on Cycle 1 Day 1 in combination with azacitidine 75 mg/m2 subcutaneously or intravenously once daily on Days 1-7 (or Days 1-5 and 8-9) of each 28-day cycle. For patients without disease progression or unacceptable toxicity, treatment is recommended for a minimum of 6 months to allow time for clinical response.

View full prescribing information for Tibsovo.

This review used the Real-Time Oncology Review (RTOR) pilot program, which streamlined data submission prior to the filing of the entire clinical application, and the Assessment Aid, a voluntary submission from the applicant to facilitate the FDA’s assessment. The FDA approved this application about 6 weeks ahead of the FDA goal date.

This application was granted priority review and breakthrough designation. A description of FDA expedited programs is in the Guidance for Industry: Expedited Programs for Serious Conditions-Drugs and Biologics. Ivosidenib also received orphan drug designation for AML on June 9, 2015.

Healthcare professionals should report all serious adverse events suspected to be associated with the use of any medicine and device to FDA’s MedWatch Reporting System or by calling 1-800-FDA-1088.

For assistance with single-patient INDs for investigational oncology products, healthcare professionals may contact OCE’s Project Facilitate at 240-402-0004 or email OncProjectFacilitate@fda.hhs.gov.

For information on the COVID-19 pandemic, see the following resources:

FDA: Coronavirus Disease 2019 (COVID-19)
NCI: Coronavirus: What People With Cancer Should Know
CDC: Coronavirus (COVID-19)

Follow the Oncology Center of Excellence on Twitter @FDAOncology.

Content current as of:

08/01/2022","https://www.fda.gov/drugs/resources-information-approved-drugs/fda-approves-ivosidenib-combination-azacitidine-newly-diagnosed-acute-myeloid-leukemia"
"28","NCT03306264","Acute Myeloid Leukemia",TRUE,"FDA approves oral combination of decitabine and cedazuridine for myelodysplastic syndromes","Food and Drug Administration approved an oral combination of decitabine and cedazuridine (INQOVI, Astex Pharmaceuticals, Inc.) for adult patients with myelodysplastic syndromes (MDS) including the following: ","FDA approves oral combination of decitabine and cedazuridine for myelodysplastic syndromes
Resources for Information | Approved Drugs
Oncology (Cancer)/Hematologic Malignancies Approval Notifications
Ongoing | Cancer Accelerated Approvals
Verified Clinical Benefit | Cancer Accelerated Approvals
Withdrawn | Cancer Accelerated Approvals
Other | Cancer Accelerated Approvals

 

On July 7, 2020, the Food and Drug Administration approved an oral combination of decitabine and cedazuridine (INQOVI, Astex Pharmaceuticals, Inc.) for adult patients with myelodysplastic syndromes (MDS) including the following:

previously treated and untreated, de novo and secondary MDS with the following French-American-British subtypes (refractory anemia, refractory anemia with ringed sideroblasts, refractory anemia with excess blasts, and chronic myelomonocytic leukemia [CMML]) and
intermediate-1, intermediate-2, and high-risk International Prognostic Scoring System groups.

Inqovi was investigated in two open-label, randomized, crossover trials. Trial ASTX727-01-B (NCT02103478) included 80 adult patients with MDS (International Prognostic Scoring System [IPSS] Intermediate-1, Intermediate-2, or high-risk) or CMML and trial ASTX727-02 (NCT03306264) included 133 adult patients with MDS or CMML, including all French-American-British classification criteria and IPSS Intermediate-1, Intermediate-2, or high-risk prognostic scores.

In both trials, patients were randomized 1:1 to receive Inqovi (35 mg decitabine and 100 mg cedazuridine) orally in cycle 1 and decitabine 20 mg/m2 intravenously in cycle 2 or the reverse sequence. Both Inqovi and intravenous decitabine were administered once daily on days 1 through 5 of a 28-day cycle. Starting with cycle 3, all patients received Inqovi orally once daily on days 1 through 5 of each 28-day cycle until disease progression or unacceptable toxicity. Both trials provided comparison of exposure and safety in the first two cycles between oral Inqovi and IV decitabine and description of disease response with Inqovi. Comparison of disease response between the Inqovi and IV decitabine was not possible because all patients received Inqovi starting from Cycle 3.

The 01-B trial demonstrated a complete response (CR) rate of 18% (95% CI: 10, 28) and median duration of CR was 8.7 months (range: 1.1, 18.2). Among the 41 patients who were dependent on red blood cell (RBC) and/or platelet transfusions at baseline, 20 (49%) became independent of RBC and platelet transfusions during any consecutive 56-day post-baseline period. Of the 39 patients who were independent of both RBC and platelet transfusions at baseline, 25 (64%) remained transfusion-independent during any consecutive 56-day post-baseline period.

The 02 trial demonstrated a geometric mean ratio of the 5-day cumulative decitabine AUC following 5 consecutive once daily doses of Inqovi compared to that of intravenous decitabine was 99% (90% CI: 93, 106). Efficacy results demonstrated that 21% of patients achieved CR (95% CI: 15, 29) and median duration of CR was 7.5 months (range: 1.6, 17.5). Among the 57 patients who were dependent on RBC and/or platelet transfusions at baseline, 30 (53%) became independent of RBC and platelet transfusions during any 56-day post-baseline period. Of the 76 patients who were independent of both RBC and platelet transfusions at baseline, 63% remained transfusion-independent during any 56-day post-baseline period. 

Most common adverse reactions (incidence ≥ 20%) to Inqovi are fatigue, constipation, hemorrhage, myalgia, mucositis, arthralgia, nausea, dyspnea, diarrhea, rash, dizziness, febrile neutropenia, edema, headache, cough, decreased appetite, upper respiratory tract infection, pneumonia, and transaminase increased. The most common grade 3 or 4 laboratory abnormalities (≥ 50%) were leukocytes decreased, platelet count decreased, neutrophil count decreased, and hemoglobin decreased. The overall safety profile of oral Inqovi was similar to IV decitabine. 

The recommended Inqovi dose is 1 tablet (35 mg decitabine and 100 mg cedazuridine) taken orally on an empty stomach once daily on days 1 through 5 of each 28‑day cycle.

View full prescribing information for INQOVI.

This review used the Oncology Center of Excellence Assessment Aid as well as the Office of Pharmaceutical Quality’s Assessment Aid for quality review. These are voluntary submissions from the applicant to facilitate the FDA’s assessment.

The FDA collaborated with international agency counterparts on the review of this application as part of Project Orbis.

This application was granted priority review. A description of FDA expedited programs is in the Guidance for Industry: Expedited Programs for Serious Conditions-Drugs and Biologics.

Healthcare professionals should report all serious adverse events suspected to be associated with the use of any medicine and device to FDA’s MedWatch Reporting System or by calling 1-800-FDA-1088.

For assistance with single-patient INDs for investigational oncology products, healthcare professionals may contact OCE’s Project Facilitate at 240-402-0004 or email OncProjectFacilitate@fda.hhs.gov.

For information on the COVID-19 pandemic, see the following resources:

FDA: Coronavirus Disease 2019 (COVID-19)
NCI: Coronavirus: What People With Cancer Should Know
CDC: Coronavirus (COVID-19)

Follow the Oncology Center of Excellence on Twitter @FDAOncology.

 

 

Content current as of:

07/07/2020

Regulated Product(s)
Drugs
Prescription Drugs","https://www.fda.gov/drugs/resources-information-approved-drugs/fda-approves-oral-combination-decitabine-and-cedazuridine-myelodysplastic-syndromes"
"29","NCT03306264","Acute Myeloid Leukemia",TRUE,NA,"Food and Drug Administration approved an oral combination of decitabine and cedazuridine (INQOVI, Astex Pharmaceuticals, Inc.) for adult patients with myelodysplastic syndromes (MDS) including the following: More Information. July 7, 2020","FDA approves oral combination of decitabine and cedazuridine for myelodysplastic syndromes
Share
Tweet
Linkedin
Email
Print

 

On July 7, 2020, the Food and Drug Administration approved an oral combination of decitabine and cedazuridine (INQOVI, Astex Pharmaceuticals, Inc.) for adult patients with myelodysplastic syndromes (MDS) including the following:

previously treated and untreated, de novo and secondary MDS with the following French-American-British subtypes (refractory anemia, refractory anemia with ringed sideroblasts, refractory anemia with excess blasts, and chronic myelomonocytic leukemia [CMML]) and
intermediate-1, intermediate-2, and high-risk International Prognostic Scoring System groups.

Inqovi was investigated in two open-label, randomized, crossover trials. Trial ASTX727-01-B (NCT02103478) included 80 adult patients with MDS (International Prognostic Scoring System [IPSS] Intermediate-1, Intermediate-2, or high-risk) or CMML and trial ASTX727-02 (NCT03306264) included 133 adult patients with MDS or CMML, including all French-American-British classification criteria and IPSS Intermediate-1, Intermediate-2, or high-risk prognostic scores.

In both trials, patients were randomized 1:1 to receive Inqovi (35 mg decitabine and 100 mg cedazuridine) orally in cycle 1 and decitabine 20 mg/m2 intravenously in cycle 2 or the reverse sequence. Both Inqovi and intravenous decitabine were administered once daily on days 1 through 5 of a 28-day cycle. Starting with cycle 3, all patients received Inqovi orally once daily on days 1 through 5 of each 28-day cycle until disease progression or unacceptable toxicity. Both trials provided comparison of exposure and safety in the first two cycles between oral Inqovi and IV decitabine and description of disease response with Inqovi. Comparison of disease response between the Inqovi and IV decitabine was not possible because all patients received Inqovi starting from Cycle 3.

The 01-B trial demonstrated a complete response (CR) rate of 18% (95% CI: 10, 28) and median duration of CR was 8.7 months (range: 1.1, 18.2). Among the 41 patients who were dependent on red blood cell (RBC) and/or platelet transfusions at baseline, 20 (49%) became independent of RBC and platelet transfusions during any consecutive 56-day post-baseline period. Of the 39 patients who were independent of both RBC and platelet transfusions at baseline, 25 (64%) remained transfusion-independent during any consecutive 56-day post-baseline period.

The 02 trial demonstrated a geometric mean ratio of the 5-day cumulative decitabine AUC following 5 consecutive once daily doses of Inqovi compared to that of intravenous decitabine was 99% (90% CI: 93, 106). Efficacy results demonstrated that 21% of patients achieved CR (95% CI: 15, 29) and median duration of CR was 7.5 months (range: 1.6, 17.5). Among the 57 patients who were dependent on RBC and/or platelet transfusions at baseline, 30 (53%) became independent of RBC and platelet transfusions during any 56-day post-baseline period. Of the 76 patients who were independent of both RBC and platelet transfusions at baseline, 63% remained transfusion-independent during any 56-day post-baseline period. 

Most common adverse reactions (incidence ≥ 20%) to Inqovi are fatigue, constipation, hemorrhage, myalgia, mucositis, arthralgia, nausea, dyspnea, diarrhea, rash, dizziness, febrile neutropenia, edema, headache, cough, decreased appetite, upper respiratory tract infection, pneumonia, and transaminase increased. The most common grade 3 or 4 laboratory abnormalities (≥ 50%) were leukocytes decreased, platelet count decreased, neutrophil count decreased, and hemoglobin decreased. The overall safety profile of oral Inqovi was similar to IV decitabine. 

The recommended Inqovi dose is 1 tablet (35 mg decitabine and 100 mg cedazuridine) taken orally on an empty stomach once daily on days 1 through 5 of each 28‑day cycle.

View full prescribing information for INQOVI.

This review used the Oncology Center of Excellence Assessment Aid as well as the Office of Pharmaceutical Quality’s Assessment Aid for quality review. These are voluntary submissions from the applicant to facilitate the FDA’s assessment.

The FDA collaborated with international agency counterparts on the review of this application as part of Project Orbis.

This application was granted priority review. A description of FDA expedited programs is in the Guidance for Industry: Expedited Programs for Serious Conditions-Drugs and Biologics.

Healthcare professionals should report all serious adverse events suspected to be associated with the use of any medicine and device to FDA’s MedWatch Reporting System or by calling 1-800-FDA-1088.

For assistance with single-patient INDs for investigational oncology products, healthcare professionals may contact OCE’s Project Facilitate at 240-402-0004 or email OncProjectFacilitate@fda.hhs.gov.

For information on the COVID-19 pandemic, see the following resources:

FDA: Coronavirus Disease 2019 (COVID-19)
NCI: Coronavirus: What People With Cancer Should Know
CDC: Coronavirus (COVID-19)

Follow the Oncology Center of Excellence on Twitter @FDAOncology.

 

 

Content current as of:

07/07/2020

Regulated Product(s)
Drugs
Prescription Drugs
Drug Approvals and Databases
Resources for Information | Approved Drugs","https://wayback.archive-it.org/7993/20201219232235/https%3A//www.fda.gov/drugs/drug-approvals-and-databases/fda-approves-oral-combination-decitabine-and-cedazuridine-myelodysplastic-syndromes"
"30","NCT03333486","Acute Myeloid Leukemia; Acute Myeloid Leukemia With FLT3/ITD Mutation; Acute Myeloid Leukemia With Gene Mutations; Chronic Lymphocytic Leukemia; Secondary Acute Myeloid Leukemia",FALSE,NA,NA,NA,NA
"31","NCT03381118","Acute Myeloid Leukemia",FALSE,NA,NA,NA,NA
"32","NCT03504410","Relapsed/Refractory Acute Myeloid Leukemia",FALSE,NA,NA,NA,NA
"33","NCT03616470","Acute Myeloid Leukemia",FALSE,NA,NA,NA,NA
"34","NCT03634228","Acute Myeloid Leukemia; Recurrent Acute Myeloid Leukemia; Refractory Acute Myeloid Leukemia",FALSE,NA,NA,NA,NA
"35","NCT03686345","Core Binding Factor Acute Myeloid Leukemia (CBF-AML)",FALSE,NA,NA,NA,NA
"36","NCT03718143","Acute Myeloid Leukemia",FALSE,NA,NA,NA,NA
"37","NCT03760666","Acute Myeloid Leukemia",FALSE,NA,NA,NA,NA
"38","NCT03860844","Acute Myeloid Leukemia",FALSE,NA,NA,NA,NA
"39","NCT04778397","Acute Myeloid Leukemia",FALSE,NA,NA,NA,NA
"40","NCT05079230","Acute Myeloid Leukemia",FALSE,NA,NA,NA,NA
"41","NCT05829434","Acute Myeloid Leukemia",FALSE,NA,NA,NA,NA
